date	well	plasmid	host	FSC.H	BL1.H	YL2.H	nGFP	nRFP	flag
02/08	A1	194	PHO2	484411	1881.5	35298.3	1863.3000000000002	38145.600000000006	pass
02/08	A2	213	PHO2	408931.5	1269	15231.8	1732.1	20659.6	pass
02/08	A3	213	PHO2	411686	753.5	12121.3	1103.8000000000002	17061.7	pass
02/08	A4	213	PHO2	454196.5	1769	21092.3	1990.6	24931.2	pass
02/08	A5	194	PHO2	426703	1693.5	28947.3	2138.9	38060.4	pass
02/08	A6	212	PHO2	438902	1293.5	12376.3	1534.3000000000002	15094.699999999999	pass
02/08	A7	212	PHO2	408890	1196.5	11014.3	1596.1	14679.4	pass
02/08	A8	212	PHO2	399064	1031.5	10988.3	1467	14999.4	pass
02/08	A9	194	PHO2	454668.5	1779.5	34800.8	2037	41829.3	pass
02/08	A10	215	PHO2	397961	1566.5	10361.3	2228.3	13988.199999999999	pass
02/08	A11	215	PHO2	384521.5	1152.5	6966.3	1755.8000000000002	9786.8	pass
02/08	A12	215	PHO2	384663.5	1516	10298.3	2240.7000000000003	14585.3	pass
02/08	B2	213	pho2∆	401974	1493.5	14313.8	2055.1	19334	pass
02/08	B3	213	pho2∆	396552	788.5	11426.8	1248.4	16510.7	pass
02/08	B4	213	pho2∆	423976	1705.5	18265.3	2139.2000000000003	23457.8	pass
02/08	B6	212	pho2∆	385098	1227.5	11693.3	1889.7000000000003	16720.899999999998	pass
02/08	B7	212	pho2∆	371537.5	912.5	8729.3	1562	13106	pass
02/08	B8	212	pho2∆	373818	1174.5	10609.3	1875.7000000000003	15573.5	pass
02/08	B9	NA	pho2∆	378237	-6.5	913.3	99.60000000000014	1340.3	pass
02/08	B10	215	pho2∆	383343.5	2039	12725.8	3026.2000000000003	18273.8	pass
02/08	B11	215	pho2∆	383213	2201.5	11260.3	3381.2000000000003	16059.099999999999	pass
02/08	B12	215	pho2∆	358900	1687	10956.8	2772	16760.899999999998	pass
02/08	C1	194	PHO2	464409.5	1978.5	32175.3	2137.7000000000003	37412.700000000004	pass
02/08	C2	232	PHO2	410334	1449.5	27220.3	2033.6	38449.100000000006	pass
02/08	C3	232	PHO2	386858	761.5	21345.3	1285.8000000000002	31814.1	pass
02/08	C4	232	PHO2	422003	1595.5	32037.3	2070.5	42823.9	pass
02/08	C5	194	PHO2	421070.5	1634	26434.8	2088.8	34343.4	pass
02/08	C6	216	PHO2	382086	1156.5	2595.3	1798.8000000000002	3700.6000000000004	pass
02/08	C7	216	PHO2	355416	1055.5	2589.3	1919.8000000000002	4047.5	pass
02/08	C8	216	PHO2	376446	1336.5	2682.3	2101.6	3874.9	pass
02/08	C9	194	PHO2	421196.5	1643.5	28255.3	2147.8	36754.100000000006	pass
02/08	C10	209	PHO2	351768	720.5	7213.3	1341.7000000000003	11501.3	pass
02/08	C11	209	PHO2	400359.5	1491.5	13383.8	2065.9	18128.899999999998	pass
02/08	C12	209	PHO2	372038	1053.5	9425.8	1720.1	14077.599999999999	pass
02/08	D1	NA	PHO2	396095	111.5	491.3	205.80000000000018	678.5999999999999	pass
02/08	D2	232	pho2∆	385108	1591.5	1408.3	2312.7000000000003	1985.2	pass
02/08	D3	232	pho2∆	386340	1113.5	2471.3	1614.2000000000003	3562.4	pass
02/08	D4	232	pho2∆	396430.5	1866.5	1555.8	2415.7000000000003	2113.8	pass
02/08	D6	216	pho2∆	363572	1914.5	4685.3	3323.7000000000003	7521.1	pass
02/08	D7	216	pho2∆	361178	1724.5	4457.3	2933.9	7196	pass
02/08	D8	216	pho2∆	358202	2203.5	6196.3	3598.0000000000005	9681.4	pass
02/08	D10	209	pho2∆	334949	516.5	5661.3	1148.9	9462.599999999999	pass
02/08	D11	209	pho2∆	362538	1347.5	10631.3	2240.1	16241.5	pass
02/08	D12	209	pho2∆	358023.5	1199.5	9594.3	2053.5	15110	pass
02/08	E1	194	PHO2	430423	1606.5	26563.3	1966.6	33354	pass
02/08	E2	234	PHO2	496366	1235.5	38737.3	1043.3000000000002	40301.9	pass
02/08	E3	234	PHO2	502166	961.5	35328.3	734.1000000000001	35798.3	pass
02/08	E5	194	PHO2	445528	1776.5	28835.3	2032.3000000000002	34905.600000000006	pass
02/08	E6	219	PHO2	437512.5	1136	34770.3	1325.5	42950.700000000004	pass
02/08	E7	219	PHO2	435281	1094.5	37889.3	1413.2000000000003	48611.100000000006	pass
02/08	E8	219	PHO2	399326	960.5	37837.3	1419.3000000000002	53947.5	pass
02/08	E9	194	PHO2	422797	1595.5	27600.8	2051.4	36127.4	pass
02/08	E10	194	PHO84	423203	1468	35826.8	1854.9	45971.100000000006	pass
02/08	E11	194	PHO84	435521.5	1579	38167.8	1925.4	47381	pass
02/08	E12	194	PHO84	407106	1270.5	30400.3	1748.7000000000003	42017.5	pass
02/08	F1	NA	pho2∆	382306.5	10	503.3	108.5	726.1999999999999	pass
02/08	F2	234	pho2∆	374243	3028.5	6112.3	4631.700000000001	8752.3	pass
02/08	F3	234	pho2∆	377646	1608.5	4534.3	2511.9	6877.5	pass
02/08	F4	234	pho2∆	390552	3227.5	6493.3	4605.200000000001	8973.5	pass
02/08	F5	NA	PHO2	384401	4.5	457.3	110.10000000000014	666.9	pass
02/08	F6	219	pho2∆	382237	1311.5	6677.3	2086.5	9663.5	pass
02/08	F7	219	pho2∆	353661	940.5	5510.3	1706.4	8717.4	pass
02/08	F8	219	pho2∆	359360.5	1018.5	6388.8	1799.4	9759.9	pass
02/08	F10	194	pho2∆	370303	907.5	1282.3	1484.3000000000002	1878.8999999999999	pass
02/08	F11	194	pho2∆	391266	1186.5	1397.3	1631.2000000000003	1844.8	pass
02/08	F12	194	pho2∆	397401	1342.5	1417.3	1777.3000000000002	1884.3999999999999	pass
02/08	G1	194	PHO2	431511	1659	26116.8	2008.2000000000003	32844	pass
02/08	G2	235	PHO2	361041	1876.5	3291.3	3032.4	5011.9000000000005	pass
02/08	G3	235	PHO2	341756	701.5	2272.3	1361.5	3611.9	pass
02/08	G4	235	PHO2	384648	1980.5	2799.3	2974.3	4057.7	pass
02/08	G5	194	PHO2	437536	1653.5	26194.3	1987.2000000000003	32378.1	pass
02/08	G6	239	PHO2	493945	2296.5	42127.3	2027.1	42436.4	pass
02/08	G7	239	PHO2	497391	2157.5	39533.3	1922.8000000000002	40373.100000000006	pass
02/08	G9	194	PHO2	449385	1752.5	28574.3	2028.8000000000002	34622.5	pass
02/08	G10	188	PHO2	374607	751.5	14961.3	1259.8000000000002	22314.3	pass
02/08	G11	188	PHO2	393361	980.5	16545.3	1447.8000000000002	23321.1	pass
02/08	G12	188	PHO2	390181	830.5	15886.3	1260.6	22517.8	pass
02/08	H2	235	pho2∆	363881	2948.5	5257.3	4711.1	8071.4000000000005	pass
02/08	H3	235	pho2∆	362701	2032.5	4041.3	3247.2999999999997	6103.6	pass
02/08	H4	235	pho2∆	351663	2451.5	4542.3	4153.6	7381.2	pass
02/08	H5	NA	pho2∆	397968	24.5	683.3	78	945.0999999999999	pass
02/08	H6	239	pho2∆	344459	3881.5	9330.3	6610.700000000001	15335.199999999999	pass
02/08	H7	239	pho2∆	338086	2972.5	8365.3	5233	14091.8	pass
02/08	H8	239	pho2∆	326484	1844.5	7052.3	3542.0000000000005	12219.9	pass
02/08	H9	NA	PHO2	400126	79	625.3	143.10000000000014	856	pass
02/08	H10	188	pho2∆	370823	813.5	13851.3	1366.5	20540.399999999998	pass
02/08	H11	188	pho2∆	374185	917.5	15407.3	1467.9	22462.7	pass
02/08	H12	188	pho2∆	368822	656.5	12151.3	1145.2000000000003	18406.7	pass
02/09	A1	194	PHO2	439634.5	1743.5	27397.3	2108.8	34275.100000000006	pass
02/09	A2	194	PHO84	448962.5	1670.5	39070.3	1947.3000000000002	47642.4	pass
02/09	A3	194	PHO84	434907	1747	42465.8	2158.4	53917.4	pass
02/09	A4	194	PHO84	459244.5	1737.5	40023.3	1954.3000000000002	47322.700000000004	pass
02/09	A5	194	PHO2	447293	1655.5	26550.3	1939.3000000000002	32300	pass
02/09	A6	213	PHO2	392276.5	990.5	10899.3	1491.5	15434.199999999999	pass
02/09	A7	213	PHO2	405482.5	1128.5	12232.8	1534.3000000000002	16655.399999999998	pass
02/09	A8	213	PHO2	406996	1313.5	13313.3	1792.9	18234.2	pass
02/09	A9	194	PHO2	446140	1463.5	22863.3	1719.3000000000002	28315.899999999998	pass
02/09	A10	234	PHO2	538643	1870.5	47349.3	1395.9	44841.5	pass
02/09	A11	234	PHO2	540909	1208.5	41171.3	818.4000000000001	38624.8	pass
02/09	A12	234	PHO2	541004	1894.5	52541.3	1393.4	49397.8	pass
02/09	B2	194	pho2∆	411092.5	1353.5	965.8	1782.7000000000003	1280.3	pass
02/09	B3	194	pho2∆	400065	1307.5	1130.3	1752.9	1518.3	pass
02/09	B4	194	pho2∆	378477	1138	1211.8	1774.4	1687.7	pass
02/09	B6	213	pho2∆	374482.5	1146.5	10585.3	1844.3000000000002	15635.699999999999	pass
02/09	B7	213	pho2∆	377729	1237	11160.8	1928.5	16502.7	pass
02/09	B8	213	pho2∆	376831.5	1201.5	10916.3	1902.4	16004.599999999999	pass
02/09	B9	NA	pho2∆	373079.5	11.5	649.3	144.70000000000005	963.0999999999999	pass
02/09	B10	234	pho2∆	296022	1492	3525.3	3373.1	6856.2	pass
02/09	B11	234	pho2∆	327028	1968.5	4195.3	3716.7000000000003	7191.4000000000005	pass
02/09	B12	234	pho2∆	316577.5	1322	3002.8	2788.3	5363.6	pass
02/09	C1	194	PHO2	444367	1906.5	23323.3	2254.9	28592	pass
02/09	C2	188	PHO2	401761	1069.5	13764.3	1524.7000000000003	18689.399999999998	pass
02/09	C3	188	PHO2	392437	1052.5	14054.3	1571.1	19875.6	pass
02/09	C4	188	PHO2	392017.5	693.5	12602.8	1067.1	17717.2	pass
02/09	C5	194	PHO2	443648.5	1610	24741.3	1905.4	30450.1	pass
02/09	C6	232	PHO2	423926.5	1556.5	27336.8	2039.5	36261.700000000004	pass
02/09	C7	232	PHO2	445504	1740.5	29541.3	2052.9	36685.600000000006	pass
02/09	C8	232	PHO2	439266	1598.5	28475.3	1934.7000000000003	36240.4	pass
02/09	C9	194	PHO2	414016.5	1193.5	18868.3	1638.7000000000003	25537.899999999998	pass
02/09	C10	235	PHO2	344837	1535.5	2349.3	2683.9	3763.8	pass
02/09	C11	235	PHO2	350528	1438.5	2595.3	2475.1	4125.1	pass
02/09	C12	235	PHO2	340366	1352.5	2169.3	2489.9	3556.6000000000004	pass
02/09	D1	NA	PHO2	379994	67.5	359.3	201.60000000000014	522.3	pass
02/09	D2	188	pho2∆	382576	1136.5	13195.3	1734.5	19357.399999999998	pass
02/09	D3	188	pho2∆	397190	1224.5	14799.3	1750.5	20336.6	pass
02/09	D4	188	pho2∆	369476	602.5	11004.3	1058.7000000000003	16365.599999999999	pass
02/09	D6	232	pho2∆	373825	1220.5	975.8	1795.8000000000002	1415.5	pass
02/09	D7	232	pho2∆	371777	1957	1506.3	2649.7000000000003	2156.3	pass
02/09	D8	232	pho2∆	370476	1401.5	1196.3	2043.9	1749.7	pass
02/09	D10	235	pho2∆	330185	1979.5	3613.3	3741.9	6227.9000000000005	pass
02/09	D11	235	pho2∆	349599.5	2700.5	4651.3	4488.4	7440.4000000000005	pass
02/09	D12	235	pho2∆	346537.5	2545	4113.3	4452.299999999999	6905.4000000000005	pass
02/09	E1	194	PHO2	429098	1605.5	24065.3	2017.8000000000002	30717.5	pass
02/09	E2	215	PHO2	382829	1486.5	8537.3	2231.4	12110.599999999999	pass
02/09	E3	215	PHO2	344143.5	737.5	4788.8	1448.3000000000002	7608.7	pass
02/09	E4	215	PHO2	349547.5	590.5	5030.3	1163.6	7933.7	pass
02/09	E5	194	PHO2	414300.5	1263.5	20328.3	1736.8000000000002	27102.5	pass
02/09	E6	212	PHO2	337649	474	4602.8	1054.7000000000003	7559.8	pass
02/09	E7	212	PHO2	353719.5	522.5	5267.8	1031	8335.699999999999	pass
02/09	E8	212	PHO2	343692	507.5	4828.3	1073.3000000000002	7900.7	pass
02/09	E9	194	PHO2	410191.5	1126.5	18922.8	1555	25770.6	pass
02/09	E10	219	PHO2	450925	1092.5	28611.3	1218.8000000000002	34974.700000000004	pass
02/09	E11	219	PHO2	440779	1070.5	38797.8	1293.8000000000002	48893.700000000004	pass
02/09	E12	219	PHO2	445807.5	1273.5	36933.3	1479.6	45554.100000000006	pass
02/09	F1	NA	pho2∆	394352	32.5	607.3	100.10000000000014	845.4	pass
02/09	F2	215	pho2∆	350917	1679.5	9525.3	2902.6	15217.099999999999	pass
02/09	F3	215	pho2∆	361708.5	1866.5	9566.3	2948.5	14602.8	pass
02/09	F4	215	pho2∆	347088	1118.5	7080.3	2071.7000000000003	11628.8	pass
02/09	F5	NA	PHO2	381902	58.5	423.3	171.70000000000005	606.5	pass
02/09	F6	212	pho2∆	345738	832.5	6958.8	1626.1	11348.099999999999	pass
02/09	F7	212	pho2∆	354890.5	1058.5	8255.8	1885.8000000000002	13210.199999999999	pass
02/09	F8	212	pho2∆	349207	928.5	7718.3	1748.5	12434.199999999999	pass
02/09	F10	219	pho2∆	348413.5	853.5	4162.8	1580	6626.8	pass
02/09	F11	219	pho2∆	355670.5	937	4569.3	1707.5	7216	pass
02/09	F12	219	pho2∆	343775.5	923.5	4706.8	1751.1	7710	pass
02/09	G1	194	PHO2	449680.5	1709	24513.8	1942.2000000000003	29317.7	pass
02/09	G2	209	PHO2	374376.5	1263	8471.8	1994.7000000000003	12443.4	pass
02/09	G3	209	PHO2	360961	1038.5	6863.8	1812.6	10674.4	pass
02/09	G4	209	PHO2	377377	794.5	6574.3	1298.8000000000002	9442.3	pass
02/09	G5	194	PHO2	433249	1629.5	22383.3	2013.5	28528.899999999998	pass
02/09	G6	216	PHO2	357858	892.5	1754.3	1561.1	2735.7000000000003	pass
02/09	G7	216	PHO2	352967	760.5	1741.3	1420.9	2764.1000000000004	pass
02/09	G8	216	PHO2	356711	904.5	1885.3	1634.5	2947.2000000000003	pass
02/09	G9	194	PHO2	426894	1231.5	21455.3	1598.7000000000003	27969.3	pass
02/09	G10	239	PHO2	481682.5	1640.5	24564.3	1558.4	26561.2	pass
02/09	G11	239	PHO2	482200	1718.5	25001.3	1584.9	26193.899999999998	pass
02/09	H2	209	pho2∆	359569	1256.5	7810.8	2173.8	12208.3	pass
02/09	H3	209	pho2∆	356201	1182.5	7218.3	2081.8	11286.199999999999	pass
02/09	H4	209	pho2∆	368752	931	7231.3	1599.4	11072.3	pass
02/09	H5	NA	pho2∆	380341	-4.5	514.3	89.40000000000009	738	pass
02/09	H6	216	pho2∆	351421	1689.5	3777.3	3035.6	6343	pass
02/09	H7	216	pho2∆	334410	794.5	2856.3	1641.4	5023	pass
02/09	H8	216	pho2∆	371551	2278	5220.3	3551.7999999999997	7914.2	pass
02/09	H9	NA	PHO2	369349.5	7.5	397.3	146.5	599.6999999999999	pass
02/09	H10	239	pho2∆	335334	2634.5	6698.8	4848.200000000001	11489	pass
02/09	H11	239	pho2∆	336186	2488.5	6288.3	4503.1	10642	pass
02/09	H12	239	pho2∆	329484	2772.5	6758.3	5180.200000000001	11761.199999999999	pass
02/10	A1	194	PHO2	418222.5	1366.5	20854.8	1792	27555.1	pass
02/10	A2	211	PHO2	527256	2489.5	50679.3	2057.6	47765.5	pass
02/10	A3	211	PHO2	503482.5	1842.5	44812.8	1583.5	44636.3	pass
02/10	A4	211	PHO2	506785	2037.5	41873.3	1732.5	41694.9	pass
02/10	A5	194	PHO2	404114	1121.5	20062.3	1572.4	27726.6	pass
02/10	A6	220	PHO2	374680	415	1928.3	694.1000000000001	2820.9	pass
02/10	A7	220	PHO2	369040	920.5	3892.3	1541.2000000000003	6095.1	pass
02/10	A8	220	PHO2	387556	1188.5	4256.3	1780.6	6187.6	pass
02/10	A9	194	PHO2	394769	1035.5	20064.3	1473.3000000000002	27524.1	pass
02/10	A10	222	PHO2	417228	621.5	25254.3	802.2	33408	pass
02/10	A11	222	PHO2	404897.5	568	25113.8	813.7	34952.9	pass
02/10	A12	222	PHO2	449162	792.5	32960.3	837.3000000000002	39652.100000000006	pass
02/10	B2	211	pho2∆	441868	4084.5	19492.3	4843.5	23703.6	pass
02/10	B3	211	pho2∆	430794.5	3846.5	18076.8	4887	23287.6	pass
02/10	B4	211	pho2∆	411393	3273.5	17556.3	4465.6	23680.399999999998	pass
02/10	B6	220	pho2∆	404774	767	2120.8	1014.0999999999999	2842.6000000000004	pass
02/10	B7	220	pho2∆	373577	931.5	3028.8	1538.6	4783.2	pass
02/10	B8	220	pho2∆	403754	955.5	2362.3	1253.6	3171.5	pass
02/10	B10	222	pho2∆	399387	1722	5951.8	2656.5	8820.699999999999	pass
02/10	B11	222	pho2∆	382306	1782.5	5830.3	2768.2000000000003	8649.9	pass
02/10	B12	222	pho2∆	379054	2181	6242.3	3484.6	9640.099999999999	pass
02/10	C1	194	PHO2	421992	1414.5	21451.3	1809.1	27800.399999999998	pass
02/10	C2	210	PHO2	403337.5	1139	5300.3	1560.8000000000002	6979.4000000000005	pass
02/10	C3	210	PHO2	383448.5	1062	5422.3	1558.3000000000002	7516.5	pass
02/10	C4	210	PHO2	383721	633.5	5816.8	988.5	8164.000000000001	pass
02/10	C5	194	PHO2	405208.5	1137	19251.8	1554.1	26065.3	pass
02/10	C6	221	PHO2	397847.5	13.5	665.8	60.40000000000009	906.5	fail
02/10	C7	221	PHO2	441996.5	1211	32749.8	1410.4	40629.600000000006	pass
02/10	C8	221	PHO2	434774.5	1080.5	31403.8	1301.6	40402.5	pass
02/10	C9	194	PHO2	388968	977.5	20039.3	1474	28624.7	pass
02/10	C10	227	PHO2	371437.5	2204.5	5705.3	3490.9	8540.199999999999	pass
02/10	C11	227	PHO2	392388	1985.5	7385.3	2807.3	10228.8	pass
02/10	C12	227	PHO2	367640.5	2692.5	6623.3	4123	9829.3	pass
02/10	D1	NA	PHO2	486074	696.5	393.3	456.3000000000002	416.90000000000003	pass
02/10	D2	210	pho2∆	423116	1485.5	7021.3	1928.2000000000003	9047.699999999999	pass
02/10	D3	210	pho2∆	380766.5	1038.5	6060.3	1640.5	8771.4	pass
02/10	D4	210	pho2∆	377757.5	961.5	5715.3	1597.1	8336.5	pass
02/10	D6	221	pho2∆	376080	1080.5	5464.3	1754.6	8226.699999999999	pass
02/10	D7	221	pho2∆	363586	1028.5	5636.8	1769.1	8556.3	pass
02/10	D8	221	pho2∆	360736.5	1142.5	6119.8	1953.5	9082.099999999999	pass
02/10	D10	227	pho2∆	414157.5	4133.5	8678.3	5943.6	11988.599999999999	pass
02/10	D11	227	pho2∆	369888	3398.5	8825.3	5376.5	13478.099999999999	pass
02/10	D12	227	pho2∆	375755	4711.5	9627.3	7382.6	14412.199999999999	pass
02/10	E1	194	PHO2	404668	1287.5	19282.3	1781.6	26751.6	pass
02/10	E2	217	PHO2	392910	1507.5	8236.3	2239.6	11631.3	pass
02/10	E3	217	PHO2	369024.5	1392.5	7884.3	2288.2000000000003	11869.4	pass
02/10	E4	217	PHO2	375003	1185.5	8041.3	1934.3000000000002	12158.5	pass
02/10	E5	194	PHO2	396040.5	978.5	18383.8	1395.4	25741.899999999998	pass
02/10	E6	223	PHO2	509748	2014.5	38282.3	1724.4	37720.4	pass
02/10	E7	223	PHO2	504938	1997.5	42545.3	1731.2000000000003	42409.200000000004	pass
02/10	E8	223	PHO2	468018	1686.5	32754.8	1662.9	35893.700000000004	pass
02/10	E9	194	PHO2	358054	607.5	17057.3	1127.9	26670.8	pass
02/10	E10	194	PHO84	396275	1046.5	29751.3	1519.3000000000002	41509.9	pass
02/10	E11	194	PHO84	427597	1392.5	38011.3	1709.1	47840.4	pass
02/10	E12	194	PHO84	409804	1307.5	34656.3	1723.6	45770.700000000004	pass
02/10	F1	NA	pho2∆	481915.5	800.5	819.3	604.7	865.8	pass
02/10	F2	217	pho2∆	409079.5	2086.5	10105.8	2881.9	13578.699999999999	pass
02/10	F3	217	pho2∆	418784	2042.5	10521.3	2778.9	13858.4	pass
02/10	F4	217	pho2∆	378119.5	1707	9507.3	2738.6	14217.199999999999	pass
02/10	F6	223	pho2∆	389416	3092.5	14085.3	4637.4	20443.8	pass
02/10	F7	223	pho2∆	362759	2444.5	12913.3	4133.6	19844	pass
02/10	F8	223	pho2∆	374074	2581.5	12387.3	4136	18526.7	pass
02/10	F10	194	pho2∆	374947	830.5	951.3	1363.2000000000003	1403.8999999999999	pass
02/10	F11	194	pho2∆	373226	723	1288.8	1134	1867.5	pass
02/10	F12	194	pho2∆	405081.5	1258.5	1414.3	1636.6	1864	pass
02/10	G1	194	PHO2	414348.5	1223.5	18293.3	1602.6	24394.5	pass
02/10	G2	218	PHO2	479055	2900.5	59888.3	3020.2999999999997	65383.4	pass
02/10	G5	194	PHO2	422119.5	1319	21347.3	1683.7000000000003	27644.399999999998	pass
02/10	G6	224	PHO2	382947	24.5	505.3	139.80000000000018	724.4	fail
02/10	G7	224	PHO2	391035	787.5	938.3	1096.3000000000002	1279.2	pass
02/10	G8	224	PHO2	384825.5	45.5	512.3	161.30000000000018	742.4	fail
02/10	G9	194	PHO2	383168	867.5	18597.3	1360.6	26578.7	pass
02/10	G10	188	PHO2	387131	708.5	14556.3	1109.6	20500.7	pass
02/10	G11	188	PHO2	403189	931.5	17831.8	1284.1	23983.899999999998	pass
02/10	G12	188	PHO2	386787	748.5	15278.3	1188.1	21541.8	pass
02/10	H2	218	pho2∆	380012	3704.5	9569.3	5506.200000000001	13873.199999999999	pass
02/10	H3	218	pho2∆	384043	3739.5	10653.3	5603.4	15629.5	pass
02/10	H4	218	pho2∆	376243	3640	10169.3	5644.4	15261.9	pass
02/10	H6	224	pho2∆	369483	556.5	1068.3	929	1582.7	pass
02/10	H7	224	pho2∆	380303	966.5	1219.3	1496.1	1806.8999999999999	pass
02/10	H8	224	pho2∆	383027	772.5	1010.3	1163.1	1455.8	pass
02/10	H9	NA	PHO2	422385	619.5	459.3	503.3000000000002	537.6999999999999	pass
02/10	H10	188	pho2∆	374444.5	772.5	13652.8	1268.5	19994.7	pass
02/10	H11	188	pho2∆	377533	922.5	14885.8	1468.9	21650.7	pass
02/10	H12	188	pho2∆	371423.5	843.5	14777.3	1408.8000000000002	21661.1	pass
02/11	A5	194	PHO2	407869	1360.5	26779.3	1917.4	37513.9	pass
02/11	A9	194	PHO2	402241	1373.5	24610.3	1968.5	35111	pass
02/11	B9	NA	pho2∆	384535	84.5	838.3	190.60000000000014	1198.1	pass
02/11	C1	194	PHO2	424899.5	1800.5	26400.3	2269.1	34940.9	pass
02/11	C5	194	PHO2	414870.5	1566.5	23707.3	2034.2000000000003	31902.2	pass
02/11	C9	194	PHO2	408502.5	1348.5	23354.3	1802.8000000000002	31252.1	pass
02/11	D1	NA	PHO2	383696	83.5	484.3	232.30000000000018	698.1999999999999	pass
02/11	E1	194	PHO2	415016	1522.5	24234.3	2074.1	33077.200000000004	pass
02/11	E5	194	PHO2	393523	1330.5	24487.3	1953.1	35114.9	pass
02/11	E9	194	PHO2	388903	1194.5	23356.3	1760.8000000000002	33203.3	pass
02/11	F1	NA	pho2∆	391829	69.5	631.3	158.10000000000014	889.4	pass
02/11	F5	NA	PHO2	377309.5	75.5	472.3	205.10000000000014	673	pass
02/11	G1	194	PHO2	408189.5	1444.5	22562.3	1968.7000000000003	31404.399999999998	pass
02/11	G5	194	PHO2	410807	1530.5	24541.3	2081.9	33016.9	pass
02/11	G9	194	PHO2	412735	1354.5	24811.3	1864.1	33712.200000000004	pass
02/11	H5	NA	pho2∆	384479	19.5	663.3	123.30000000000018	970.5999999999999	pass
02/11	H9	NA	PHO2	375097	64.5	525.3	222.30000000000018	770.8	pass
02/11	A1	194	PHO2	428874	1708.5	28373.3	2150.2000000000003	36666	pass
02/11	A2	194	PHO84	409142	1421.5	37840.8	2019.4	52639.9	pass
02/11	A3	194	PHO84	402290	1205.5	36976.3	1697.1	51867.8	pass
02/11	A4	194	PHO84	438889	1843.5	43519.3	2235.3	55157.600000000006	pass
02/11	B2	194	pho2∆	398961.5	1389.5	966.3	1904.1	1331.8999999999999	pass
02/11	B3	194	pho2∆	401001.5	1469	1385.3	1972.4	1870.1	pass
02/11	B4	194	pho2∆	387690	1439.5	1167.3	2069.6	1640.2	pass
02/11	C2	188	PHO2	390479	1045.5	18158.8	1551	26299.5	pass
02/11	C3	188	PHO2	392431.5	986.5	17613.8	1501.8000000000002	25041.5	pass
02/11	C4	188	PHO2	396470	1091.5	18181.3	1575.8000000000002	25386.2	pass
02/11	D2	188	pho2∆	402743	1220	17865.3	1754.3000000000002	24626.3	pass
02/11	D3	188	pho2∆	377759	894	15803.8	1535.1	23830.1	pass
02/11	D4	188	pho2∆	405233.5	1174	18016.8	1662.1	24801.3	pass
02/11	E2	222	PHO2	413806	772	27858.8	1044.1	37405.9	pass
02/11	E3	222	PHO2	417242	745.5	29378.3	1009.9000000000001	39673.200000000004	pass
02/11	E4	222	PHO2	448270	851.5	34481.3	940	42650.700000000004	pass
02/11	F2	222	pho2∆	372783.5	2028.5	5485.3	3322.2000000000003	8471.099999999999	pass
02/11	F3	222	pho2∆	357843	2013.5	5995.3	3439.7999999999997	9403.3	pass
02/11	F4	222	pho2∆	368369	2148.5	5559.3	3449.9	8672.199999999999	pass
02/11	G2	227	PHO2	362658	2612.5	5094.3	4197.5	7910.8	pass
02/11	G3	227	PHO2	355070	1909.5	5379.3	3174.2999999999997	8475.199999999999	pass
02/11	G4	227	PHO2	359022	3018.5	6017.3	4882.200000000001	9332	pass
02/11	H2	227	pho2∆	396654	4926	8496.8	7438.1	11991.099999999999	pass
02/11	H3	227	pho2∆	368548	4135.5	8083.8	6431.299999999999	12077.599999999999	pass
02/11	H4	227	pho2∆	378601	5996.5	10108.3	9244	14787.099999999999	pass
02/11	A6	211	PHO2	498998	2463.5	62430.3	2298	63810.700000000004	pass
02/11	A7	211	PHO2	507013	2727.5	64979.3	2441.2000000000003	64921.700000000004	pass
02/11	A8	211	PHO2	519200	2393.5	52131.3	2013.4	50050.200000000004	pass
02/11	B6	211	pho2∆	376818	3193	14987.8	5060.799999999999	23079.8	pass
02/11	B7	211	pho2∆	392613	3411	17305.8	5062.799999999999	25389.6	pass
02/11	B8	211	pho2∆	384018	3335.5	16649.3	5128.5	24593	pass
02/11	C6	210	PHO2	380633	1160.5	5433.3	1768.1	7662.2	pass
02/11	C7	210	PHO2	351346.5	872.5	4844.3	1597	7443.2	pass
02/11	C8	210	PHO2	382952	1120.5	5600.3	1701.3000000000002	8083.6	pass
02/11	D6	210	pho2∆	375623.5	1386	6818.3	2142.4	9560	pass
02/11	D7	210	pho2∆	364787	1107.5	5929.3	1857.4	8804.8	pass
02/11	D8	210	pho2∆	372312	1245.5	6038.3	2002.5	8999.9	pass
02/11	E6	217	PHO2	360355	1468.5	9141.3	2509.2000000000003	14232.199999999999	pass
02/11	E7	217	PHO2	347392.5	1338.5	8425.8	2422.5	13718.4	pass
02/11	E8	217	PHO2	333406	1100.5	7448.3	2222.9	12826.5	pass
02/11	F6	217	pho2∆	358658	1872.5	9523.3	3173.7000000000003	14841.4	pass
02/11	F7	217	pho2∆	353263	1675.5	9279.3	2919.9	14750.8	pass
02/11	F8	217	pho2∆	360069	1805.5	9708.3	2978.8	15140.8	pass
02/11	H6	218	pho2∆	351364	3511.5	9357.8	5985.6	15357.199999999999	pass
02/11	H7	218	pho2∆	356267	3846.5	10357.3	6276.9	16612.1	pass
02/11	H8	218	pho2∆	357996	3591.5	10244.3	6028	16450.3	pass
02/11	A10	223	PHO2	502826	2739.5	59930.3	2502.5	59843	pass
02/11	A11	223	PHO2	493803	2558.5	60649.3	2444.2000000000003	61588.600000000006	pass
02/11	A12	223	PHO2	522523	2683.5	49980.3	2282.3	47909.200000000004	pass
02/11	B10	223	pho2∆	375398	3407.5	15632.3	5408.1	23950.2	pass
02/11	B11	223	pho2∆	382630	3386.5	14603.3	5267.5	22404.1	pass
02/11	B12	223	pho2∆	369250	3274.5	13722.3	5282.200000000001	21078.899999999998	pass
02/11	C10	224	PHO2	387279	139.5	737.3	262.4000000000001	1026.3999999999999	fail
02/11	C11	224	PHO2	388244.5	1146.5	1341.3	1598.6	1867	pass
02/11	C12	224	PHO2	407891	245.5	818.3	323.70000000000005	1066.3	fail
02/11	D10	224	pho2∆	377485.5	1065	1472.8	1573.5	2097.4	pass
02/11	D11	224	pho2∆	356084.5	1191	1582.3	1971.4	2438.3	pass
02/11	D12	224	pho2∆	395372	1182.5	1517.3	1595.7000000000003	2089	pass
02/11	E10	220	PHO2	375096.5	884.5	1918.8	1372.4	2746	pass
02/11	E11	220	PHO2	339640.5	1274.5	3546.3	2415.3	6122.5	pass
02/11	E12	220	PHO2	340459	1157.5	3961.3	2149.1	6737.9000000000005	pass
02/11	F10	220	pho2∆	385229	921.5	2012.8	1354.5	2859.1000000000004	pass
02/11	F11	220	pho2∆	358458	1425.5	3345.3	2523.3	6167	pass
02/11	F12	220	pho2∆	383298	929	2101.3	1372.6	2979.8	pass
02/11	G11	221	PHO2	438058	1270	36351.8	1495.3000000000002	45039.200000000004	pass
02/11	G12	221	PHO2	428544	1144.5	32243.3	1456.1	41872.700000000004	pass
02/11	H10	221	pho2∆	341412	1038.5	5584.3	2043.2000000000003	9170.199999999999	pass
02/11	H11	221	pho2∆	337999	1041.5	4753.3	2021.7000000000003	7848.4000000000005	pass
02/11	H12	221	pho2∆	348933	1304.5	6190.3	2342.7000000000003	9676.4	pass
02/16	A1	194	PHO2	418549	1545	26378.3	2004.3000000000002	34376.4	pass
02/16	A2	194	PHO84	410873	1159.5	34781.3	1539.4	46312.100000000006	pass
02/16	A3	194	PHO84	425536	1340.5	36935.3	1684.9	48013.3	pass
02/16	A4	194	PHO84	396476.5	986	33601.3	1407.3000000000002	45753.3	pass
02/16	A5	194	PHO2	413704	1353.5	26158.3	1785.2000000000003	34523.5	pass
02/16	A6	211	PHO2	507164	2336.5	56797.3	2004	55417.8	pass
02/16	A7	211	PHO2	494499	2305.5	47067.3	2026.4	47299	pass
02/16	A8	211	PHO2	502140	2251.5	40840.3	1924.4	41641.8	pass
02/16	A9	194	PHO2	433913	1516.5	24410.3	1931.7000000000003	31175.6	pass
02/16	A10	223	PHO2	490571	2431.5	40175.3	2157	40895	pass
02/16	A11	223	PHO2	503032	2455.5	40961.3	2186.6	41358.3	pass
02/16	A12	223	PHO2	498630	2259.5	40071.3	1975.1	40081.9	pass
02/16	B2	194	pho2∆	408266	1483.5	1732.3	1983.2000000000003	2320	pass
02/16	B3	194	pho2∆	391135	1266.5	1387.3	1838.6	1962.2	pass
02/16	B4	194	pho2∆	403832	1433.5	1852.3	1979	2542.7000000000003	pass
02/16	B6	211	pho2∆	410692.5	3367	15662.3	4786.200000000001	21746.1	pass
02/16	B7	211	pho2∆	412076	3663.5	16623.3	5075.700000000001	22779.899999999998	pass
02/16	B8	211	pho2∆	404052.5	3556.5	17073.8	5040.4	24359.399999999998	pass
02/16	B9	NA	pho2∆	404013.5	142	810.3	206.60000000000014	1090.1	pass
02/16	B10	223	pho2∆	431710.5	4578	20054.8	5716.6	25896.1	pass
02/16	B11	223	pho2∆	403723	3884.5	15887.3	5390	21922.1	pass
02/16	B12	223	pho2∆	401680.5	3714.5	14690.8	5291.9	21006.1	pass
02/16	C1	194	PHO2	401678	1465.5	20983.3	2100.7000000000003	29114	pass
02/16	C2	188	PHO2	406336	1175.5	20234.3	1567.6	26790.5	pass
02/16	C3	188	PHO2	367650.5	661	13445.3	1132.8000000000002	20049.8	pass
02/16	C4	188	PHO2	400500	1132.5	18824.3	1578.5	25812.7	pass
02/16	C5	194	PHO2	408449	1420.5	23420.3	1932.5	31180.5	pass
02/16	C6	210	PHO2	370166	799.5	4882.3	1329.4	6978.8	pass
02/16	C7	210	PHO2	360464	922.5	5313.3	1564.8000000000002	7902.4000000000005	pass
02/16	C8	210	PHO2	377416	1060.5	5603.3	1638.2000000000003	7853.9000000000005	pass
02/16	C9	194	PHO2	400838	1237.5	23120.8	1756.8000000000002	31600.1	pass
02/16	C10	224	PHO2	398011	111.5	526.3	201.70000000000005	730	fail
02/16	C11	224	PHO2	393621.5	1236	1038.3	1643.6	1413.2	pass
02/16	C12	224	PHO2	406480	176.5	571.3	258.10000000000014	754.0999999999999	fail
02/16	D1	NA	PHO2	380375	131.5	650.3	292.10000000000014	937.3	pass
02/16	D2	188	pho2∆	382845	853	17022.3	1352.7000000000003	24698.8	pass
02/16	D3	188	pho2∆	416170	1232.5	21109.3	1639.7000000000003	27632.5	pass
02/16	D4	188	pho2∆	406668	1024.5	18638.3	1500.4	25642.5	pass
02/16	D6	210	pho2∆	367996.5	948.5	6141.3	1582.6	8986.5	pass
02/16	D7	210	pho2∆	366547	957.5	5927.3	1581.3000000000002	8588.099999999999	pass
02/16	D8	210	pho2∆	362101	1065.5	5413.3	1812.9	8087.1	pass
02/16	D10	224	pho2∆	384635	1182.5	1096.8	1680.8000000000002	1559.6	pass
02/16	D11	224	pho2∆	378649	1269.5	1376.3	1883.7000000000003	2013.7	pass
02/16	D12	224	pho2∆	395822	1205.5	1150.8	1640.4	1583.8999999999999	pass
02/16	E1	194	PHO2	401638	1330	23188.3	1856.1	31722.399999999998	pass
02/16	E2	222	PHO2	409970	688.5	25294.3	954.2	34472	pass
02/16	E3	222	PHO2	383850	484.5	23322.8	818.1000000000001	34131.600000000006	pass
02/16	E4	222	PHO2	417468	618.5	25867.3	813.2	34038.9	pass
02/16	E5	194	PHO2	382770.5	1155	20403.3	1790.3000000000002	29473.3	pass
02/16	E6	217	PHO2	350832	1151.5	7756.3	2123.4	12483.599999999999	pass
02/16	E7	217	PHO2	369752	1457.5	8349.3	2378.3	12609.599999999999	pass
02/16	E8	217	PHO2	362359	1419.5	8331.3	2439.8	12757	pass
02/16	E9	194	PHO2	419009.5	1522.5	24327.3	1992.3000000000002	32238.899999999998	pass
02/16	E10	220	PHO2	393899	915	1858.8	1262.9	2538.2000000000003	pass
02/16	E11	220	PHO2	382217.5	1626	3741.3	2470.5	5650.4000000000005	pass
02/16	E12	220	PHO2	376581.5	1238	2552.3	1933.6	3947.1000000000004	pass
02/16	F1	NA	pho2∆	385916.5	47	922.3	150.20000000000005	1294.5	pass
02/16	F2	222	pho2∆	356140	1553.5	5613.3	2797.8	8963.9	pass
02/16	F3	222	pho2∆	349310.5	1636	5047.3	2948.9	8585.5	pass
02/16	F4	222	pho2∆	348939	1776	5776.3	3163.4	9568.699999999999	pass
02/16	F5	NA	PHO2	363547	42.5	587.8	241.30000000000018	903.8	pass
02/16	F6	217	pho2∆	378376	1693	9130.8	2757	13544.9	pass
02/16	F7	217	pho2∆	383412	1837.5	9484.3	2874.9	14039	pass
02/16	F8	217	pho2∆	394422	1954.5	9588.3	2882.4	13605.5	pass
02/16	F10	220	pho2∆	388260	730.5	1680.3	1114.3000000000002	2361.1000000000004	pass
02/16	F11	220	pho2∆	382867	1254.5	2741.3	1914	4187.9000000000005	pass
02/16	F12	220	pho2∆	375009.5	738	1534.8	1138.1	2224.9	pass
02/16	G1	194	PHO2	401038	1319.5	23402.3	1866.9	32259	pass
02/16	G2	227	PHO2	338600	1528.5	4685.3	2940.3	7952.5	pass
02/16	G3	227	PHO2	344628.5	1618	5892.8	2867.1	9586.599999999999	pass
02/16	G4	227	PHO2	345543	2379.5	5645.3	4026.5000000000005	9034.099999999999	pass
02/16	G5	194	PHO2	394243	1235.5	21163.3	1793	29721.399999999998	pass
02/16	G6	218	PHO2	470616	2485.5	56170.3	2767.2000000000003	64691	pass
02/16	G7	218	PHO2	465792	2484.5	51200.8	2709.7000000000003	59953.5	pass
02/16	G9	194	PHO2	410999	1335.5	22128.3	1806.3000000000002	29828.8	pass
02/16	G10	221	PHO2	388833	27	558.3	119.40000000000009	800.9	fail
02/16	G11	221	PHO2	448073	1364.5	36408.3	1543.4	43818	pass
02/16	G12	221	PHO2	426439	930	30478.8	1238.7000000000003	40919	pass
02/16	H2	227	pho2∆	364124.5	4143.5	8405.3	6648.9	13446.599999999999	pass
02/16	H3	227	pho2∆	333963	3404.5	8216.3	5945.9	13979.5	pass
02/16	H4	227	pho2∆	342531	4266.5	8292.3	7283.699999999999	13673.599999999999	pass
02/16	H5	NA	pho2∆	375407	26	836.3	166.9000000000001	1243.7	pass
02/16	H6	218	pho2∆	369383.5	2874.5	9472.8	4825.5	14821.199999999999	pass
02/16	H7	218	pho2∆	391740.5	4353.5	11175.8	6281.6	15908.5	pass
02/16	H8	218	pho2∆	350719	3525.5	9631.3	6057.1	15665.199999999999	pass
02/16	H9	NA	PHO2	373906	53.5	554.3	207.5	823.1999999999999	pass
02/16	H10	221	pho2∆	374592.5	1309	6601.8	2042.7000000000003	9553.599999999999	pass
02/16	H11	221	pho2∆	344631.5	1024.5	5451.3	1901.7000000000003	8412.199999999999	pass
02/16	H12	221	pho2∆	365407	1297.5	6319.3	2123.5	9327.5	pass
02/18	A1	194	PHO2	389051	1306.5	22168.3	1962.5	32561.5	pass
02/18	A2	230	PHO2	432214	894.5	26876.3	1095.4	34382.700000000004	pass
02/18	A3	230	PHO2	431144	854.5	26643.3	1031.1	33719.9	pass
02/18	A4	230	PHO2	429310	766.5	28170.8	914.3000000000002	35972.4	pass
02/18	A5	194	PHO2	418396	1514.5	28438.3	1969.5	38466.200000000004	pass
02/18	A6	240	PHO2	383463	1612.5	4513.3	2398.7000000000003	6296	pass
02/18	A7	240	PHO2	397319.5	1980.5	5082.8	2770.9	6870.1	pass
02/18	A8	240	PHO2	392200	2188.5	5992.3	3086.7999999999997	8236.099999999999	pass
02/18	A9	194	PHO2	421293.5	1373.5	27167.3	1772.5	35564.200000000004	pass
02/18	A10	252	PHO2	477653	3009.5	44247.3	2846.4	48654.5	pass
02/18	A11	252	PHO2	445836.5	2916	35172.3	3786.4	42697.200000000004	pass
02/18	A12	252	PHO2	456194	3229	44943.3	3759.5000000000005	53268.4	pass
02/18	B2	230	pho2∆	418167	3628.5	11377.3	4860.299999999999	14725.3	pass
02/18	B3	230	pho2∆	421681	3358.5	10256.3	4527.9	13485.4	pass
02/18	B4	230	pho2∆	405623	2162	6518.8	3112.1	9227	pass
02/18	B6	240	pho2∆	430057	4076.5	9774.3	5280.5	12618.099999999999	pass
02/18	B7	240	pho2∆	394466	3226.5	7824.3	4616.9	11258.699999999999	pass
02/18	B8	240	pho2∆	417501.5	3304	7696.3	4554.200000000001	10275.5	pass
02/18	B9	NA	pho2∆	387481.5	49	1145.3	151.30000000000018	1633.2	pass
02/18	B10	252	pho2∆	443563	4504.5	5959.8	5600.799999999999	7277	pass
02/18	B11	252	pho2∆	445457	4488	5837.8	5484.5	7178	pass
02/18	B12	252	pho2∆	439510	5354.5	8254.3	6960.799999999999	10641.5	pass
02/18	C1	194	PHO2	434935	1571.5	27651.3	1880.8000000000002	34889	pass
02/18	C2	229	PHO2	404145	1663.5	1235.3	2037.3000000000002	1620.8999999999999	pass
02/18	C3	229	PHO2	404328.5	1537.5	1188.8	1941.5	1556.1	pass
02/18	C4	229	PHO2	400136	1496.5	1161.3	1918.2000000000003	1529.6	pass
02/18	C5	194	PHO2	419602	1525.5	25085.3	1936.7000000000003	32577.8	pass
02/18	C6	241	PHO2	510109	2503.5	33521.3	2164.2000000000003	33424.5	pass
02/18	C7	241	PHO2	471464	2728.5	53325.3	2777	60170.9	pass
02/18	C8	241	PHO2	500825.5	2915	37780.3	2596.7000000000003	37697.3	pass
02/18	C9	194	PHO2	430591	1534.5	27169.3	1880.5	34779.5	pass
02/18	C10	253	PHO2	446700	2084.5	5666.3	2011.9	6574.5	pass
02/18	C11	253	PHO2	359681	1423.5	4535.3	2383.2000000000003	6861.9000000000005	pass
02/18	C12	253	PHO2	386719	1711.5	5728.3	2519.6	7969	pass
02/18	D1	NA	PHO2	398016	116.5	667.3	182.20000000000005	910.0999999999999	pass
02/18	D2	229	pho2∆	371581.5	1263.5	1213.3	1856.6	1761.3	pass
02/18	D3	229	pho2∆	396203	1334.5	1204.8	1749.2000000000003	1641.1	pass
02/18	D4	229	pho2∆	389598.5	1179	1228.8	1613.3000000000002	1699.7	pass
02/18	D6	241	pho2∆	386734.5	4719.5	11344.8	6954.4	16510	pass
02/18	D7	241	pho2∆	374777	4604	11525.3	7030.799999999999	17267.1	pass
02/18	D8	241	pho2∆	377862	5046.5	11972.3	7475	17642.5	pass
02/18	D10	253	pho2∆	380692	2601	7920.8	3764.4	11267.699999999999	pass
02/18	D11	253	pho2∆	369603	2480	7653.8	3738.2000000000003	11190.199999999999	pass
02/18	D12	253	pho2∆	369302	2362.5	7615.3	3561.5000000000005	10961.099999999999	pass
02/18	E1	194	PHO2	419098.5	1453.5	25286.3	1853	32707.8	pass
02/18	E2	231	PHO2	392590	176.5	3252.3	312.9000000000001	4426	fail
02/18	E3	231	PHO2	433309	1713	7330.8	2111.3	9364.099999999999	pass
02/18	E5	194	PHO2	439234	1591.5	27222.3	1870.8000000000002	33818.5	pass
02/18	E6	250	PHO2	401309	3446.5	5311.3	4713.6	7170	pass
02/18	E7	250	PHO2	364877	2294.5	3481.3	3581.6	5216.8	pass
02/18	E8	250	PHO2	368300	2677.5	3938.3	4150.5	5968.8	pass
02/18	E9	194	PHO2	424945.5	1423.5	27012.8	1801.7000000000003	35398.600000000006	pass
02/18	E10	194	PHO84	391128	1056.5	28271.8	1527	40217	pass
02/18	E11	194	PHO84	431930	1497.5	34366.3	1792.3000000000002	43189.700000000004	pass
02/18	E12	194	PHO84	436171	1481.5	35520.3	1764.6	44160.3	pass
02/18	F1	NA	pho2∆	408220	71.5	883.3	95.60000000000014	1163.5	pass
02/18	F2	231	pho2∆	366012.5	4017.5	6501.8	6275.4	9831.4	pass
02/18	F3	231	pho2∆	388026	4274	7195.8	6281.700000000001	10390.4	pass
02/18	F4	231	pho2∆	392087	4150	7276.8	6007.9	10285.699999999999	pass
02/18	F5	NA	PHO2	395219.5	65.5	633.3	137.80000000000018	864.4	pass
02/18	F6	250	pho2∆	386286.5	4594	6729.3	6761.299999999999	9663.099999999999	pass
02/18	F7	250	pho2∆	411929	4430.5	6673.3	6334.299999999999	9218.199999999999	pass
02/18	F8	250	pho2∆	368919	4101.5	5923.3	6434.5	8957.699999999999	pass
02/18	F10	194	pho2∆	403084.5	1383	1559.3	1767.9	2041.8	pass
02/18	F11	194	pho2∆	391279	1174.5	1362.3	1604.7000000000003	1846.3	pass
02/18	F12	194	pho2∆	404090	1575.5	1659.3	1953.2000000000003	2111.6000000000004	pass
02/18	G1	194	PHO2	441527	1576.5	27155.3	1835.4	33343.600000000006	pass
02/18	G2	233	PHO2	488760.5	2457.5	32981.3	2270.7000000000003	34197	pass
02/18	G3	233	PHO2	483285.5	2337.5	32671.3	2138.5	34302.8	pass
02/18	G4	233	PHO2	482629.5	2328	31854.3	2168.3	33071.200000000004	pass
02/18	G5	194	PHO2	422074	1416.5	24988.3	1795.5	32450	pass
02/18	G6	251	PHO2	519718.5	2352	35157.3	1933.7000000000003	33961.4	pass
02/18	G7	251	PHO2	485222.5	2578	41221.3	2466.5	44386	pass
02/18	G8	251	PHO2	532385	2376.5	34325.3	1839.1	31431.399999999998	pass
02/18	G9	194	PHO2	432301	1458.5	25297.8	1771.4	31998.5	pass
02/18	G10	188	PHO2	400686	1061.5	19306.3	1477.1	26073.399999999998	pass
02/18	G11	188	PHO2	399153	1046.5	18030.3	1470.6	24939.3	pass
02/18	G12	188	PHO2	393198	1000.5	18895.3	1442.6	26178	pass
02/18	H2	233	pho2∆	413935.5	4710.5	906.3	5864	1173.6	pass
02/18	H3	233	pho2∆	407518	4790	955.3	6129.299999999999	1287.8999999999999	pass
02/18	H4	233	pho2∆	369971.5	11201	9227.3	17732.2	13920.699999999999	pass
02/18	H5	NA	pho2∆	386814.5	-5.5	694.3	64.5	976.5	pass
02/18	H6	251	pho2∆	359121.5	4470.5	9770.8	6917.799999999999	15140.4	pass
02/18	H7	251	pho2∆	337863.5	3596	8349.3	6467.299999999999	14113	pass
02/18	H8	251	pho2∆	346674	4733.5	10136.3	7772.699999999999	16250.699999999999	pass
02/18	H9	NA	PHO2	388320	-19.5	613.3	54.80000000000018	854.8	pass
02/18	H10	188	pho2∆	390006	1128.5	18028.3	1622.2000000000003	25257.1	pass
02/18	H11	188	pho2∆	365752.5	805.5	15312.3	1406.4	23368.3	pass
02/18	H12	188	pho2∆	373692	970.5	15947.8	1539.4	23643.6	pass
02/19	A1	194	PHO2	418900.5	1571.5	26238.8	2056.4	34352.700000000004	pass
02/19	A2	194	PHO84	378570	1167.5	30193.8	1813.7000000000003	44398.9	pass
02/19	A3	194	PHO84	419976.5	1391	32908.3	1833.8000000000002	44085.4	pass
02/19	A4	194	PHO84	421973.5	1469	33667.3	1905.5	44978	pass
02/19	A5	194	PHO2	411214.5	1197	22376.3	1626.4	30072.8	pass
02/19	A6	230	PHO2	409719	710.5	23128.3	974.8000000000002	31619.2	pass
02/19	A7	230	PHO2	412950	606.5	19723.8	825.2	26540.6	pass
02/19	A8	230	PHO2	425693	720.5	23557.8	921.8000000000002	30871.3	pass
02/19	A9	194	PHO2	407475	1145	22007.8	1569.1	30258.899999999998	pass
02/19	A10	240	PHO2	353262	1279.5	3837.8	2220.9	5993.8	pass
02/19	A11	240	PHO2	346476	1160.5	3038.3	2123.1	4904.8	pass
02/19	A12	240	PHO2	358581	1628.5	5046.8	2716.7000000000003	7759.7	pass
02/19	B2	194	pho2∆	392674	1341.5	1296.3	1877.1	1814.3999999999999	pass
02/19	B3	194	pho2∆	388989	1345.5	1541.3	1902.2000000000003	2142.4	pass
02/19	B4	194	pho2∆	374284.5	1219.5	1286.8	1790.7000000000003	1832.7	pass
02/19	B6	230	pho2∆	351639.5	2779.5	6266.3	4647.9	9963.8	pass
02/19	B7	230	pho2∆	359444	2497.5	7495.3	4062.0000000000005	11424.4	pass
02/19	B8	230	pho2∆	354722.5	1868.5	5388.8	3175.6	8623.699999999999	pass
02/19	B9	NA	pho2∆	378003	23.5	878.3	149.70000000000005	1302.7	pass
02/19	B10	240	pho2∆	348277.5	2888.5	6533.3	4813.799999999999	10331.4	pass
02/19	B11	240	pho2∆	339875	2157	4623.8	3843.0000000000005	7724.8	pass
02/19	B12	240	pho2∆	338945	2207	5599.8	3970.2999999999997	9356.3	pass
02/19	C1	194	PHO2	409181	1521.5	25714.3	2050.1	34375.200000000004	pass
02/19	C2	188	PHO2	410031.5	1281	20479.3	1733.7000000000003	27625.7	pass
02/19	C3	188	PHO2	388058	1049.5	18115.3	1611.9	25831.899999999998	pass
02/19	C4	188	PHO2	401260.5	1248.5	20717.8	1717	28377.5	pass
02/19	C5	194	PHO2	418965	1576.5	25288.3	2065.4	33717.5	pass
02/19	C6	231	PHO2	373334.5	122	2772.8	307.60000000000014	4024.8	fail
02/19	C7	231	PHO2	418575.5	1636.5	6415.8	2306.8	8893.599999999999	pass
02/19	C9	194	PHO2	402568	1376.5	20987.8	1947.3000000000002	29571.1	pass
02/19	C10	233	PHO2	497914.5	2491	34061.8	2233.8	35019.8	pass
02/19	C11	233	PHO2	488028	2574.5	37691.3	2375.4	38925.100000000006	pass
02/19	C12	233	PHO2	493403	2580.5	37389.3	2360.3	38728.4	pass
02/19	D1	NA	PHO2	361949	6.5	474.3	182.30000000000018	718.6999999999999	pass
02/19	D2	188	pho2∆	386855.5	1173.5	17249.3	1789.4	24838.3	pass
02/19	D3	188	pho2∆	375970	1029.5	16332.3	1675.9	24513.3	pass
02/19	D4	188	pho2∆	367418	1066.5	16167.8	1774.2000000000003	24703.3	pass
02/19	D6	231	pho2∆	337234	3524.5	5875.3	6102.1	9842	pass
02/19	D7	231	pho2∆	337298	3318	5842.3	5699.1	9580.5	pass
02/19	D8	231	pho2∆	314610	2833	4665.3	5428.5	8364.3	pass
02/19	D10	233	pho2∆	391435.5	4349	1230.8	5846.1	1721.3	pass
02/19	D11	233	pho2∆	391237	4712.5	1001.3	6402.299999999999	1380.7	pass
02/19	D12	233	pho2∆	331057.5	8998	7807.8	15378.499999999998	13498.3	pass
02/19	E1	194	PHO2	400302.5	1434.5	24045.3	2030.2000000000003	33547.700000000004	pass
02/19	E2	229	PHO2	365276	1072.5	1036.3	1625.2000000000003	1545	pass
02/19	E3	229	PHO2	360522	1013.5	1393.3	1581	2116.6000000000004	pass
02/19	E4	229	PHO2	373677	1121	1429.3	1659.7000000000003	2057.4	pass
02/19	E5	194	PHO2	409298	1507	22086.3	2058.5	29987.399999999998	pass
02/19	E6	252	PHO2	460783.5	1977	29931.3	2041.3000000000002	33830.8	pass
02/19	E7	252	PHO2	429420	2511.5	28271.3	3300.7000000000003	35254.5	pass
02/19	E8	252	PHO2	446090	2344.5	32600.8	2582	38911.9	pass
02/19	E9	194	PHO2	392802	1336.5	21907.3	1937	31029.5	pass
02/19	E10	250	PHO2	327360	1864.5	2763.3	3534.5000000000005	4747.5	pass
02/19	E11	250	PHO2	336252	1711.5	2643.3	3173.7000000000003	4446.7	pass
02/19	E12	250	PHO2	336871	2166	3504.3	3927.6	5866.3	pass
02/19	F1	NA	pho2∆	358410	-24.5	1168.3	171.80000000000018	1823.5	pass
02/19	F2	229	pho2∆	358472	1041.5	1185.3	1685.7000000000003	1809.8	pass
02/19	F3	229	pho2∆	374251	1076.5	1012.3	1625.7000000000003	1484.7	pass
02/19	F4	229	pho2∆	364959	997.5	1310.3	1557.4	2003.3999999999999	pass
02/19	F5	NA	PHO2	358838.5	56.5	1940.3	274.60000000000014	2919.6000000000004	pass
02/19	F6	252	pho2∆	433201	3376.5	4311.3	4186.799999999999	5348.5	pass
02/19	F7	252	pho2∆	449252	3067.5	4042.3	3320.2999999999997	4477.4000000000005	pass
02/19	F8	252	pho2∆	421545	3439.5	4397.3	4328.6	5849.4000000000005	pass
02/19	F10	250	pho2∆	350887	4093.5	5203.8	6727.1	8386.4	pass
02/19	F11	250	pho2∆	336326	3146.5	4413.8	5721.700000000001	7665.5	pass
02/19	F12	250	pho2∆	332403.5	3478.5	4530.3	6247.299999999999	7857.3	pass
02/19	G1	194	PHO2	407104	1518.5	22819.3	2083.2000000000003	31536.7	pass
02/19	G2	241	PHO2	493807	2022.5	23817.3	1827.7000000000003	24288.8	pass
02/19	G3	241	PHO2	479488	2440.5	47947.3	2392.2000000000003	51785.5	pass
02/19	G4	241	PHO2	483879	2039.5	28708.3	1950.2000000000003	30271.2	pass
02/19	G5	194	PHO2	411736	1439.5	22627.3	1992.2000000000003	30843.7	pass
02/19	G6	253	PHO2	426699	1362.5	3614.3	1529.8000000000002	4360.5	pass
02/19	G7	253	PHO2	336272	1122.5	3366.3	2140.3	5495.8	pass
02/19	G8	253	PHO2	332366	1070.5	3613.3	2107.1	6099.9000000000005	pass
02/19	G9	194	PHO2	390120	1201.5	19887.3	1856.9	29076.399999999998	pass
02/19	G10	251	PHO2	491367.5	2161.5	31726.3	2041.1	33888.700000000004	pass
02/19	G11	251	PHO2	482121	2312.5	37788.3	2216	40890.200000000004	pass
02/19	G12	251	PHO2	516535	2049.5	30617.3	1696.7000000000003	29818.399999999998	pass
02/19	H2	241	pho2∆	349319.5	3885.5	8492.3	6505.299999999999	13946.099999999999	pass
02/19	H3	241	pho2∆	331796	3081.5	7191.3	5778	12587.9	pass
02/19	H4	241	pho2∆	317259	3164.5	8649.3	6124.299999999999	15766.199999999999	pass
02/19	H5	NA	pho2∆	349084	-10.5	3099.3	213.10000000000014	4846.6	pass
02/19	H6	253	pho2∆	347907	1908.5	5712.3	3224.4	8940.9	pass
02/19	H7	253	pho2∆	358491	2187.5	7168.3	3493.0000000000005	10796.099999999999	pass
02/19	H8	253	pho2∆	344980	1656.5	5184.3	2968.8	8361	pass
02/19	H9	NA	PHO2	357745.5	16.5	933.8	199	1440.3	pass
02/19	H10	251	pho2∆	315191	3070	6865.3	5881.6	12340.599999999999	pass
02/19	H11	251	pho2∆	327065	3001.5	7310.3	5565.299999999999	13116.3	pass
02/19	H12	251	pho2∆	330843	4020.5	7625.3	7175.799999999999	13111.599999999999	pass
02/20	A1	194	PHO2	430221.5	1664.5	30344.8	2125.5	39318	pass
02/20	A2	254	PHO2	438315	3256	28702.8	4196.1	36563.5	pass
02/20	A3	254	PHO2	450755	3659.5	32895.3	4392.299999999999	40159.3	pass
02/20	A4	254	PHO2	439246	3542.5	29079.3	4462.1	37301.8	pass
02/20	A5	194	PHO2	437788	1685.5	31713.3	2096	40141	pass
02/20	A6	265	PHO2	357051.5	878	6031.3	1564.8000000000002	9403.699999999999	pass
02/20	A7	265	PHO2	356097	794	7157.8	1420.8000000000002	11104.5	pass
02/20	A8	265	PHO2	363473	857.5	7244.3	1485.7000000000003	11149.3	pass
02/20	A9	194	PHO2	396641	761.5	23150.3	1092.9	32498.8	pass
02/20	A10	278	PHO2	369554	948.5	2779.3	1545.2000000000003	4051.1000000000004	pass
02/20	A11	278	PHO2	365219.5	910	2573.3	1483	3865.7000000000003	pass
02/20	A12	278	PHO2	378289	933.5	2648.3	1390	3730.3	pass
02/20	B2	254	pho2∆	414324	4992.5	10537.8	6500.5	13891.8	pass
02/20	B3	254	pho2∆	408344	5222.5	10861.3	6728	14748.099999999999	pass
02/20	B4	254	pho2∆	418605	5249.5	11377.3	6803.6	15078.099999999999	pass
02/20	B6	265	pho2∆	388906	1975.5	5726.3	3109.4	8773.099999999999	pass
02/20	B7	265	pho2∆	394810.5	2583.5	5338.3	3915.0000000000005	8576.9	pass
02/20	B8	265	pho2∆	378636	1634.5	4643.3	2614.7000000000003	7615.6	pass
02/20	B9	NA	pho2∆	363652.5	-75.5	634.8	49.100000000000136	972.3	pass
02/20	B10	278	pho2∆	378752.5	814	1416.3	1247.9	2086.2000000000003	pass
02/20	B11	278	pho2∆	370960	963.5	1264.3	1569.1	1900.1	pass
02/20	B12	278	pho2∆	381467.5	1202	1189.3	1744.5	1705.3999999999999	pass
02/20	C1	194	PHO2	435363	1507.5	27290.3	1935	35090.8	pass
02/20	C2	255	PHO2	401918	1290.5	16036.3	1861.5	22081.2	pass
02/20	C3	255	PHO2	418274	1482.5	18035.3	1984.6	23703.899999999998	pass
02/20	C4	255	PHO2	413612	1304.5	18214.3	1801.5	24629.3	pass
02/20	C5	194	PHO2	416539	1121.5	24806.3	1543.3000000000002	33193.600000000006	pass
02/20	C6	266	PHO2	375313	1263.5	6929.3	2043.8000000000002	10399.4	pass
02/20	C7	266	PHO2	373725	1416.5	7160.3	2263.4	10515	pass
02/20	C8	266	PHO2	370216	1198.5	6868.3	1974	10230.199999999999	pass
02/20	C9	194	PHO2	386129	669.5	20018.3	1034.8000000000002	28926.3	pass
02/20	C10	279	PHO2	365836	912.5	4816.3	1544.1	7167.7	pass
02/20	C11	279	PHO2	375883	1009.5	5057.3	1594.6	7315.4000000000005	pass
02/20	C12	279	PHO2	362509	891.5	5347.3	1467.6	7893.7	pass
02/20	D1	NA	PHO2	379838	13.5	441.3	134	642.3	pass
02/20	D2	255	pho2∆	388966	2192	9532.8	3213.5000000000005	13517.3	pass
02/20	D3	255	pho2∆	400879	1717.5	9433.3	2383.3	12773.4	pass
02/20	D4	255	pho2∆	419356.5	2304.5	12457.3	3016.5000000000005	16090	pass
02/20	D6	266	pho2∆	386514	1989.5	8816.8	2955.7000000000003	12620.199999999999	pass
02/20	D7	266	pho2∆	414325	2161.5	9712.3	2915	12895.9	pass
02/20	D8	266	pho2∆	406575.5	1964.5	9372.8	2756.3	12609.199999999999	pass
02/20	D10	279	pho2∆	377148.5	2543.5	5321.8	4246.1	8223.099999999999	pass
02/20	D11	279	pho2∆	385435.5	2910.5	5527.8	4543.5	8435	pass
02/20	D12	279	pho2∆	382993.5	2540.5	5422.8	4105.9	8357.8	pass
02/20	E1	194	PHO2	413917	1541.5	23111.3	2086.3	31431.3	pass
02/20	E2	257	PHO2	424146	805.5	27024.3	1036.7000000000003	35474.4	pass
02/20	E3	257	PHO2	419223	855.5	25067.8	1120.5	33232.4	pass
02/20	E4	257	PHO2	431177	871.5	26393.3	1071.6	34199.200000000004	pass
02/20	E5	194	PHO2	425076.5	1407.5	26063.8	1846.3000000000002	33952.8	pass
02/20	E6	276	PHO2	376298	411.5	10897.3	737.5	15972.5	pass
02/20	E7	276	PHO2	378528	451.5	11677.3	778.3000000000002	16972.399999999998	pass
02/20	E8	276	PHO2	371706.5	350.5	9905.8	666.9000000000001	14572.3	pass
02/20	E9	194	PHO2	390401	893	22546.3	1319.7000000000003	31876.2	pass
02/20	E10	194	PHO84	410693.5	1241.5	32412.8	1674.7000000000003	43849	pass
02/20	E11	194	PHO84	405914.5	1237.5	34418.8	1699.5	47128.9	pass
02/20	E12	194	PHO84	401934	1244.5	33753.3	1732.3000000000002	47329.200000000004	pass
02/20	F1	NA	pho2∆	393623	-17.5	611.8	47.90000000000009	858	pass
02/20	F2	257	pho2∆	378676	701.5	13059.3	1186.9	19116.1	pass
02/20	F3	257	pho2∆	374501	862	14848.8	1458.7000000000003	22878.3	pass
02/20	F4	257	pho2∆	376684	834.5	14312.3	1392.8000000000002	21768.899999999998	pass
02/20	F5	NA	PHO2	380265	8.5	461.3	127.70000000000005	664.1999999999999	pass
02/20	F6	276	pho2∆	383489.5	1069.5	8067.3	1679.6	11735.599999999999	pass
02/20	F7	276	pho2∆	355135	839.5	6561.3	1490.1	10276	pass
02/20	F8	276	pho2∆	373539.5	774.5	7752.3	1354.7000000000003	11722.5	pass
02/20	F10	194	pho2∆	379882.5	848	1328.8	1297.3000000000002	1897	pass
02/20	F11	194	pho2∆	364864	818.5	1197.3	1368.6	1805.2	pass
02/20	F12	194	pho2∆	373423.5	615	1177.3	970.4000000000001	1722.5	pass
02/20	G1	194	PHO2	413178	1339.5	23173.3	1796.4	31209.7	pass
02/20	G2	258	PHO2	435688	2784.5	30488.3	3608.5000000000005	39370.9	pass
02/20	G3	258	PHO2	461484	3135.5	32864.3	3751.7000000000003	39679.8	pass
02/20	G4	258	PHO2	434842	2703.5	31385.3	3462.1	40858.5	pass
02/20	G5	194	PHO2	410616	1247.5	24715.3	1705.6	33622	pass
02/20	G6	277	PHO2	405613.5	793.5	23993.3	1122.2000000000003	32609	pass
02/20	G7	277	PHO2	403179	761.5	22009.3	1088.5	30312.2	pass
02/20	G8	277	PHO2	398756.5	732.5	21769.8	1100.7000000000003	30296.1	pass
02/20	G9	194	PHO2	386221	826.5	22174.3	1322.8000000000002	31425.6	pass
02/20	G10	188	PHO2	400157	914.5	18213.3	1326	25326.3	pass
02/20	G11	188	PHO2	385778.5	739.5	18283.3	1152.9	26113.3	pass
02/20	G12	188	PHO2	389295	775.5	16731.3	1192.6	23962.1	pass
02/20	H2	258	pho2∆	378923.5	2951	11243.3	4667.700000000001	16896.899999999998	pass
02/20	H3	258	pho2∆	383729	2829	12583.3	4355.299999999999	18541.8	pass
02/20	H4	258	pho2∆	374879	2597.5	11886.8	4194.799999999999	17947.3	pass
02/20	H5	NA	pho2∆	383565.5	-36.5	606.3	53.80000000000018	873.3	pass
02/20	H6	277	pho2∆	369334	961.5	13673.3	1630.3000000000002	20813.5	pass
02/20	H7	277	pho2∆	376212	759	14460.8	1236	21460.2	pass
02/20	H8	277	pho2∆	368285	735	13522.8	1308.6	20709.6	pass
02/20	H9	NA	PHO2	368817	-71.5	459.3	43.700000000000045	693.8	pass
02/20	H10	188	pho2∆	389161	959.5	17714.8	1487.4	25524.1	pass
02/20	H11	188	pho2∆	389508	909.5	17698.3	1409.7000000000003	25522.5	pass
02/20	H12	188	pho2∆	386699	728.5	15993.8	1165.2000000000003	22805.7	pass
02/21	A1	194	PHO2	398714	1483.5	28601.3	2134.6	40366.600000000006	pass
02/21	A2	194	PHO84	396082.5	1429.5	37661.3	2032.2000000000003	53094.5	pass
02/21	A3	194	PHO84	429028	1499.5	35992.3	1927.4	47387.3	pass
02/21	A4	194	PHO84	419629	1436.5	34617.3	1894.1	46004.9	pass
02/21	A5	194	PHO2	385944	956.5	22637.3	1475.2000000000003	33184.4	pass
02/21	A6	276	PHO2	393817	587.5	14790.3	902.3000000000002	20589.8	pass
02/21	A7	276	PHO2	379889	521.5	14754.8	894.9000000000001	21452.7	pass
02/21	A8	276	PHO2	376469	405.5	11970.3	721.5	17537.7	pass
02/21	A9	194	PHO2	414344.5	1402.5	25635.3	1871.5	34834.600000000006	pass
02/21	A10	254	PHO2	435429	3641.5	33831.3	4618.700000000001	42381.600000000006	pass
02/21	A11	254	PHO2	409571.5	2793	27258.3	3833.4	37536.100000000006	pass
02/21	A12	254	PHO2	428096	3762.5	29753.3	4840.5	38817.700000000004	pass
02/21	B2	194	pho2∆	394703.5	1491	1356.3	1981	1840.7	pass
02/21	B3	194	pho2∆	375030	1339.5	1400.3	2021.2000000000003	2003.7	pass
02/21	B4	194	pho2∆	386610	1333.5	1140.3	1897.2000000000003	1607.7	pass
02/21	B6	276	pho2∆	340469	697	6889.3	1452.5	11177.5	pass
02/21	B7	276	pho2∆	377998	1245	9333.8	1910.7000000000003	13525.5	pass
02/21	B8	276	pho2∆	376672	1159.5	8689.3	1872.8000000000002	12774.8	pass
02/21	B9	NA	pho2∆	397159.5	82.5	678.3	163.10000000000014	941.3999999999999	pass
02/21	B10	254	pho2∆	394538	5081.5	10803.3	6948.4	15149.9	pass
02/21	B11	254	pho2∆	384327	4387.5	10432.3	6592.6	15416.3	pass
02/21	B12	254	pho2∆	393073	5125	11453.3	7265	16015.599999999999	pass
02/21	C1	194	PHO2	416585	1339.5	23212.3	1773.7000000000003	30869.2	pass
02/21	C2	188	PHO2	402266.5	1190.5	18995.3	1677.9	26291.2	pass
02/21	C3	188	PHO2	395413.5	1077	18795.3	1612.5	26259.3	pass
02/21	C4	188	PHO2	404156	1084.5	18425.8	1560.2000000000003	25703.7	pass
02/21	C5	194	PHO2	398494	1260.5	23488.3	1782.8000000000002	32631	pass
02/21	C6	277	PHO2	429397	1142.5	27759.3	1408.7000000000003	35593	pass
02/21	C7	277	PHO2	429090	1286.5	29384.3	1575.1	37529.9	pass
02/21	C8	277	PHO2	434090.5	1242	24416.3	1497	31193.2	pass
02/21	C9	194	PHO2	435410.5	1693.5	26088.3	2084.6	33253.3	pass
02/21	C10	255	PHO2	402612	1420.5	18160.3	2047.4	25427.7	pass
02/21	C11	255	PHO2	385947	1347	16786.3	2076.2000000000003	24796.6	pass
02/21	C12	255	PHO2	395729.5	1363	16427.3	2001.9	23451	pass
02/21	D1	NA	PHO2	364501.5	39.5	566.3	212.10000000000014	868.8	pass
02/21	D2	188	pho2∆	384243	1111.5	17930.3	1731.7000000000003	26110.1	pass
02/21	D3	188	pho2∆	373082	896.5	15515.3	1474.8000000000002	23458.399999999998	pass
02/21	D4	188	pho2∆	366844.5	946	15317.8	1607	23508.3	pass
02/21	D6	277	pho2∆	369938.5	888	14209.3	1571.2000000000003	22031.7	pass
02/21	D7	277	pho2∆	381880	1174.5	16815.3	1867.5	24531.899999999998	pass
02/21	D8	277	pho2∆	397732.5	1248.5	16979.3	1808.9	23821.2	pass
02/21	D10	255	pho2∆	369603	1925.5	9685.3	3050.4	14638.699999999999	pass
02/21	D11	255	pho2∆	368311.5	1861.5	9395.3	2954.1	13992.4	pass
02/21	D12	255	pho2∆	351467	1692.5	9125.3	2968.6	14418.9	pass
02/21	E1	194	PHO2	419061	1455	24890.8	1939	33075.4	pass
02/21	E2	278	PHO2	357974	1229.5	2722.3	2045.1	4154.3	pass
02/21	E3	278	PHO2	346722	1023	2421.3	1831.8000000000002	3829.4	pass
02/21	E4	278	PHO2	348747	1103	2508.3	1984.5	3969.2000000000003	pass
02/21	E5	194	PHO2	402070	1091.5	20754.8	1578.3000000000002	29117.8	pass
02/21	E6	265	PHO2	339511.5	721.5	6164.8	1507.8000000000002	10239.599999999999	pass
02/21	E7	265	PHO2	359398	1064.5	6962.3	1844.5	10788.199999999999	pass
02/21	E8	265	PHO2	321209	559.5	5086.3	1350.5	8984.199999999999	pass
02/21	E9	194	PHO2	415334.5	1541.5	25398.3	2076.3	34482.4	pass
02/21	E10	257	PHO2	415088.5	858.5	28437.3	1175.8000000000002	38785.5	pass
02/21	E11	257	PHO2	414045	720.5	24579.3	998.0999999999999	33627.600000000006	pass
02/21	E12	257	PHO2	428068	1034.5	30931.3	1315.9	40962.3	pass
02/21	F1	NA	pho2∆	359272	-53.5	711.8	114.70000000000005	1090.3999999999999	pass
02/21	F2	278	pho2∆	359863	1020.5	1126.3	1639.2000000000003	1726.5	pass
02/21	F3	278	pho2∆	334476.5	769.5	1061.3	1504.7000000000003	1763.3	pass
02/21	F4	278	pho2∆	371700	1018.5	1153.3	1557.9	1690.8999999999999	pass
02/21	F5	NA	PHO2	360933.5	7.5	529.3	187.10000000000014	821.9	pass
02/21	F6	265	pho2∆	343779	1678.5	4301.3	3156.4	7891.9000000000005	pass
02/21	F7	265	pho2∆	358385	2387.5	5311.3	4165	9615.9	pass
02/21	F8	265	pho2∆	349720	1979.5	4560.8	3537.9	8333.8	pass
02/21	F10	257	pho2∆	373783	679.5	14204.3	1224	21901.6	pass
02/21	F11	257	pho2∆	367970	689.5	13487.3	1241.3000000000002	20988.5	pass
02/21	F12	257	pho2∆	369060.5	856	15867.8	1466.3000000000002	24088.3	pass
02/21	G1	194	PHO2	396150	1182.5	22840.3	1768.7000000000003	32616	pass
02/21	G2	279	PHO2	364124	1125.5	5522.3	1862.8000000000002	8409.9	pass
02/21	G3	279	PHO2	342809	844.5	4706.3	1584.2000000000003	7584.9000000000005	pass
02/21	G4	279	PHO2	368561	1171.5	6096.3	1858	8995	pass
02/21	G5	194	PHO2	437279	1662.5	27292.3	2035	34168.100000000006	pass
02/21	G6	266	PHO2	337108	1022.5	5830.3	2004.5	9671.5	pass
02/21	G7	266	PHO2	339606	1233.5	6140.3	2321.6	10215.9	pass
02/21	G8	266	PHO2	318766.5	874	5156.8	1900.9	9050.099999999999	pass
02/21	G9	194	PHO2	426204	1459.5	25245.3	1894	33525.8	pass
02/21	G10	258	PHO2	431989	3093.5	31902.3	4010.2999999999997	41569.5	pass
02/21	G11	258	PHO2	441868	2351.5	27839.3	2985.7000000000003	35910.700000000004	pass
02/21	G12	258	PHO2	433342	2961.5	32166.8	3944.4	42234.5	pass
02/21	H2	279	pho2∆	347435	3347.5	5844.3	5888.799999999999	9703.5	pass
02/21	H3	279	pho2∆	328260	2703.5	4777.3	5010.5	8324.599999999999	pass
02/21	H4	279	pho2∆	340735	3268	6002.8	5945.1	10213	pass
02/21	H5	NA	pho2∆	355319.5	-34.5	1719.3	156.80000000000018	2674.7000000000003	pass
02/21	H6	266	pho2∆	318029.5	1127.5	6457.8	2542.9	11855.099999999999	pass
02/21	H7	266	pho2∆	327046	1792	7940.3	3332.1	13613.4	pass
02/21	H8	266	pho2∆	379894	1700.5	7936.8	2680.9	11874.4	pass
02/21	H9	NA	PHO2	351963	38.5	1222.3	254.30000000000018	1902.2	pass
02/21	H10	258	pho2∆	395923	3348.5	12911.3	4814.200000000001	18434.6	pass
02/21	H11	258	pho2∆	359367	2143.5	9200.8	3642.0000000000005	14664	pass
02/21	H12	258	pho2∆	366295	2686.5	11057.3	4384.299999999999	17184.6	pass
02/22	A1	194	PHO2	419505	1710.5	25691.3	2299.8	34201.700000000004	pass
02/22	A2	301	PHO2	462471	1703.5	39605.3	1682.9	43376.5	pass
02/22	A3	301	PHO2	485967.5	2075	43011.3	1900.6	44504.200000000004	pass
02/22	A4	301	PHO2	397152	145.5	19.299999999999997	236.80000000000018	28.39999999999999	fail
02/22	A5	194	PHO2	438505	1416.5	27597.3	1789.7000000000003	35286.4	pass
02/22	A6	326	PHO2	409130	1635	9238.3	2200.1	12464.099999999999	pass
02/22	A7	326	PHO2	406869	1836.5	8786.3	2466.7000000000003	11694	pass
02/22	A8	326	PHO2	379209.5	1507.5	7805.8	2319.1	11355.9	pass
02/22	A9	194	PHO2	426236	1571.5	28708.3	1978	37230.100000000006	pass
02/22	A10	330	PHO2	400805	1427.5	7432.8	2011.7000000000003	10205.9	pass
02/22	A11	330	PHO2	351703	1038.5	5725.3	1897.5	9109.4	pass
02/22	A12	330	PHO2	377003	1382.5	6167.3	2151.2000000000003	9120.599999999999	pass
02/22	B2	301	pho2∆	356962	7897.5	6135.3	13049.6	9766	pass
02/22	B3	301	pho2∆	357770	10091.5	6347.3	16486.2	10002.4	pass
02/22	B4	301	pho2∆	384405.5	11901	7557.3	17770.4	10531.9	pass
02/22	B6	326	pho2∆	389125	2260.5	9259.3	3266.7000000000003	13049	pass
02/22	B7	326	pho2∆	374609	2709.5	8851.3	4072.7000000000003	13092.699999999999	pass
02/22	B8	326	pho2∆	409525	2726	11473.8	3847.2000000000003	15756.3	pass
02/22	B9	NA	pho2∆	373646	-3.5	648.3	114.20000000000005	969.5999999999999	pass
02/22	B10	330	pho2∆	379154.5	1337.5	6034.8	2099.1	8822.4	pass
02/22	B11	330	pho2∆	401865	1616.5	7149.3	2331.5	9923.8	pass
02/22	B12	330	pho2∆	390973.5	1617.5	7035.8	2382.8	10022.4	pass
02/22	C1	194	PHO2	405504	1509	22029.3	2147.4	30773.399999999998	pass
02/22	C2	294	PHO2	424765	1142.5	19063.3	1464.6	25070.5	pass
02/22	C3	294	PHO2	418165	1027.5	19049.3	1363.2000000000003	24970.1	pass
02/22	C4	294	PHO2	420057.5	1161	19891.8	1517.4	26401.8	pass
02/22	C5	194	PHO2	427009	1530	26464.8	1963.4	34703.3	pass
02/22	C6	327	PHO2	532405	1091.5	29460.3	698.4000000000001	27502.7	pass
02/22	C7	327	PHO2	448986	1225.5	33890.3	1415.2000000000003	41367.700000000004	pass
02/22	C9	194	PHO2	426927	1513.5	27937.3	1964.7000000000003	36669.200000000004	pass
02/22	C10	331	PHO2	382121	1684.5	12394.3	2552	17753.3	pass
02/22	C11	331	PHO2	384969.5	1530.5	14540.8	2303.9	21075.399999999998	pass
02/22	C12	331	PHO2	374825	1395.5	13654.3	2221.3	20360.399999999998	pass
02/22	D1	NA	PHO2	390049	48	431.3	141.4000000000001	615.5999999999999	pass
02/22	D2	294	pho2∆	422030	1114.5	19367.3	1427.9	25095.1	pass
02/22	D3	294	pho2∆	409717	999.5	17914.3	1355	24492.8	pass
02/22	D4	294	pho2∆	425564	1137.5	20463.3	1435	26210.899999999998	pass
02/22	D6	327	pho2∆	388151	1666.5	6148.3	2416	8658.5	pass
02/22	D7	327	pho2∆	391033	1392.5	6183.3	2139.2000000000003	8729.099999999999	pass
02/22	D8	327	pho2∆	363375	1707.5	6240.3	2795.9	9458.599999999999	pass
02/22	D10	331	pho2∆	383370	1816.5	11374.3	2679.6	16240.599999999999	pass
02/22	D11	331	pho2∆	379888	1835.5	13996.3	2777.4	20137.8	pass
02/22	D12	331	pho2∆	391457	1694.5	13864.3	2484.6	19528.399999999998	pass
02/22	E1	194	PHO2	419168.5	1490.5	26130.3	1964.5	34825.200000000004	pass
02/22	E2	332	PHO2	358447	876.5	3254.3	1542.1	4950.9000000000005	pass
02/22	E3	332	PHO2	373681	1001.5	3840.3	1632.1	5582.6	pass
02/22	E4	332	PHO2	367902	1111.5	4473.3	1839.2000000000003	6678.9000000000005	pass
02/22	E5	194	PHO2	406794.5	1365.5	22736.3	1885.6	31223.399999999998	pass
02/22	E6	328	PHO2	419187	764.5	20160.3	994.5999999999999	26762.8	pass
02/22	E7	328	PHO2	428765.5	806	22547.3	1004.0999999999999	28623.8	pass
02/22	E8	328	PHO2	423973.5	781.5	25918.8	965.0999999999999	33660.5	pass
02/22	E9	194	PHO2	415796	1470.5	24905.3	1933.5	33241.600000000006	pass
02/22	E10	194	PHO84	402676	1412.5	24852.3	2000	33907.600000000006	pass
02/22	E11	194	PHO84	406387	1435.5	28030.3	1968.2000000000003	38000.200000000004	pass
02/22	E12	194	PHO84	416407	1532.5	31999.3	2017.9	42285.8	pass
02/22	F1	NA	pho2∆	351508	-131.5	437.3	22.600000000000136	708.8	pass
02/22	F2	332	pho2∆	364378	1610.5	6045.3	2634.7000000000003	9364.4	pass
02/22	F3	332	pho2∆	374703	1713.5	5103.3	2645.9	7638	pass
02/22	F4	332	pho2∆	391841	1798.5	7552.3	2628.3	10636	pass
02/22	F5	NA	PHO2	364610	-50.5	444.3	84.20000000000005	682.9	pass
02/22	F6	328	pho2∆	389457	3129.5	4987.3	4868.299999999999	7576	pass
02/22	F7	328	pho2∆	386365	1427.5	2476.3	2287.2000000000003	4069.5	pass
02/22	F8	328	pho2∆	356202	2466.5	3939.3	4437	6753.9000000000005	pass
02/22	F10	194	pho2∆	376039	932.5	1046.3	1421.6	1541.2	pass
02/22	F11	194	pho2∆	386986	1808.5	973.3	2408.6	1305.8	pass
02/22	F12	194	pho2∆	383312.5	1161	1150.3	1659.1	1616.7	pass
02/22	G1	194	PHO2	426023	1507	24114.8	1956.9	31732.1	pass
02/22	G2	334	PHO2	447888	3788.5	38012.3	4994	48701.200000000004	pass
02/22	G3	334	PHO2	501970.5	3298	32592.8	3528.6	37417	pass
02/22	G4	334	PHO2	442078	3337.5	34516.8	4667	46562.5	pass
02/22	G5	194	PHO2	435478	1417.5	26695.3	1745.5	33985.600000000006	pass
02/22	G9	194	PHO2	416897	1354.5	22716.3	1811.3000000000002	29921	pass
02/22	G10	188	PHO2	390151.5	742.5	14721.8	1149.7000000000003	20987.8	pass
02/22	G11	188	PHO2	396945	828.5	14933.8	1204.1	20817.7	pass
02/22	G12	188	PHO2	367317.5	630.5	12620.3	1123.9	19137.5	pass
02/22	H2	334	pho2∆	365643	5861.5	7450.3	9319.199999999999	11367.9	pass
02/22	H3	334	pho2∆	369443	7163.5	8683.3	11176.5	13041.599999999999	pass
02/22	H4	334	pho2∆	343057	5495.5	7141.8	9529.8	11933.599999999999	pass
02/22	H5	NA	pho2∆	362725	-90.5	505.3	26.40000000000009	781.0999999999999	pass
02/22	H6	329	pho2∆	343825.5	5408.5	7767.3	9030.1	12634.599999999999	pass
02/22	H7	329	pho2∆	341054	4664.5	7493.3	7855.199999999999	12433	pass
02/22	H8	329	pho2∆	342847.5	3881	8075.8	6644.4	13406.699999999999	pass
02/22	H9	NA	PHO2	347985	-117.5	333.3	39.80000000000018	541.9	pass
02/22	H10	188	pho2∆	374385	814.5	13400.3	1357.9	20108.2	pass
02/22	H11	188	pho2∆	378568	884.5	13146.3	1433.7000000000003	19504.5	pass
02/22	H12	188	pho2∆	362951	750.5	12272.3	1316.8000000000002	18854.2	pass
02/23	A1	194	PHO2	404760	1553.5	30617.3	2148	42717.100000000006	pass
02/23	A2	194	PHO84	395655	1160.5	26742.3	1625.8000000000002	37072.3	pass
02/23	A3	194	PHO84	387860	1142	24790.3	1710	34402.100000000006	pass
02/23	A4	194	PHO84	393479.5	1333.5	26836.8	1960	37302.100000000006	pass
02/23	A5	194	PHO2	411342.5	1304.5	25179.8	1766.2000000000003	34355.600000000006	pass
02/23	A6	301	PHO2	491733	2226.5	46041.3	2035.5	47525.8	pass
02/23	A7	301	PHO2	513136.5	2085.5	42509.3	1794.7000000000003	41937.700000000004	pass
02/23	A8	301	PHO2	393914	74.5	29.299999999999997	162.70000000000005	42.2	fail
02/23	A9	194	PHO2	391799	1008.5	25704.8	1470.7000000000003	36686	pass
02/23	A10	326	PHO2	383654	1161.5	7307.3	1742	10388.3	pass
02/23	A11	326	PHO2	347562.5	1142.5	6085.8	2119.8	9774.4	pass
02/23	A12	326	PHO2	350398	1060.5	6315.3	1871.2000000000003	10049.9	pass
02/23	B2	194	pho2∆	390918	1309.5	1276.3	1837	1767.8	pass
02/23	B3	194	pho2∆	385258.5	1188.5	1313.3	1756.5	1878	pass
02/23	B4	194	pho2∆	385508.5	982.5	1310.3	1438.9	1828.8999999999999	pass
02/23	B6	301	pho2∆	363700.5	9876.5	5595.8	16102.300000000001	8765.199999999999	pass
02/23	B7	301	pho2∆	356098	8561.5	5385.3	13914.199999999999	8608.8	pass
02/23	B8	301	pho2∆	356108	7702.5	4767.3	13022.699999999999	7546.5	pass
02/23	B9	NA	pho2∆	375741	-52.5	802.3	39.200000000000045	1167.6	pass
02/23	B10	326	pho2∆	345408	1640.5	7503.3	2812.4	12246.199999999999	pass
02/23	B11	326	pho2∆	364474	2235.5	9499.3	3490.7999999999997	14460.8	pass
02/23	B12	326	pho2∆	317993	1610.5	7478.3	3117.9	13161.4	pass
02/23	C1	194	PHO2	416952	1497.5	26950.8	1997.8000000000002	36115.100000000006	pass
02/23	C2	188	PHO2	398812.5	970	16902.3	1449.6	23871.399999999998	pass
02/23	C3	188	PHO2	398094	996.5	18099.3	1441.8000000000002	24778	pass
02/23	C4	188	PHO2	387269.5	938	16465.3	1443.3000000000002	23615.5	pass
02/23	C5	194	PHO2	401420.5	1287.5	21514.3	1842.1	30634.1	pass
02/23	C6	294	PHO2	407776	1073.5	19945.3	1480.3000000000002	26985.6	pass
02/23	C7	294	PHO2	396730	904.5	18272.3	1335.6	25734.3	pass
02/23	C8	294	PHO2	404692	1032.5	19331.3	1434.5	26388.1	pass
02/23	C9	194	PHO2	408442	1238.5	22417.3	1750.2000000000003	30666.7	pass
02/23	C10	327	PHO2	522726	1114.5	40066.3	677.1000000000001	38196.8	pass
02/23	C11	327	PHO2	406919	848.5	30707.3	1253.5	44023.4	pass
02/23	C12	327	PHO2	402940.5	847.5	29298.3	1273.4	42039.4	pass
02/23	D1	NA	PHO2	385386	4.5	578.8	85.40000000000009	825.5	pass
02/23	D2	188	pho2∆	370621	928.5	15068.3	1566	23038.5	pass
02/23	D3	188	pho2∆	384520	955.5	15638.3	1502.1	22602	pass
02/23	D4	188	pho2∆	367579	814.5	15192.8	1464.4	23718	pass
02/23	D6	294	pho2∆	409212.5	999	18733.8	1377.7000000000003	25419.3	pass
02/23	D7	294	pho2∆	395262	941	17337.3	1403.4	24438.1	pass
02/23	D8	294	pho2∆	406172	1016.5	18697.3	1420.7000000000003	25572.3	pass
02/23	D10	327	pho2∆	347449	1172.5	5768.3	2208.4	9300.8	pass
02/23	D11	327	pho2∆	333714	966	4744.3	1950.7000000000003	7940.3	pass
02/23	D12	327	pho2∆	342674	1193	6206.3	2237.2000000000003	10044.199999999999	pass
02/23	E1	194	PHO2	417268	1431.5	25422.8	1928.6	34469.200000000004	pass
02/23	E2	330	PHO2	361709	1211.5	5916.8	2070.9	9227.4	pass
02/23	E3	330	PHO2	346094	1151.5	5970.3	2146.6	9539.4	pass
02/23	E4	330	PHO2	353313	1032.5	6127.3	1897.1	9813.8	pass
02/23	E5	194	PHO2	396778.5	1271.5	23477.3	1845.9	33135.3	pass
02/23	E6	332	PHO2	344902.5	667.5	3243.8	1341	5091.4000000000005	pass
02/23	E7	332	PHO2	354328	759.5	3603.8	1442.5	5576.5	pass
02/23	E8	332	PHO2	348292	738.5	3955.3	1444.7000000000003	6287.6	pass
02/23	E9	194	PHO2	393500	1069.5	21560.3	1633.6	31286	pass
02/23	E10	328	PHO2	398315	483.5	23888.3	743.8000000000002	33807.5	pass
02/23	E11	328	PHO2	394599	564.5	19959.3	862.6000000000001	28249.899999999998	pass
02/23	E12	328	PHO2	406192	543.5	23517.3	800.6000000000001	32740.3	pass
02/23	F1	NA	pho2∆	371948.5	-68.5	680.8	38.200000000000045	1032.2	pass
02/23	F2	330	pho2∆	356669	1331.5	6073.8	2324.6	9593.199999999999	pass
02/23	F3	330	pho2∆	349467	1240.5	5696.3	2278.8	9379.9	pass
02/23	F4	330	pho2∆	349201	1209.5	6133.3	2187.2000000000003	9726.699999999999	pass
02/23	F5	NA	PHO2	366016.5	-60.5	570.3	54.90000000000009	865.0999999999999	pass
02/23	F6	332	pho2∆	372761	1712	7187.3	2665.3	10727.4	pass
02/23	F7	332	pho2∆	339080	766.5	5296.3	1498.2000000000003	8714.5	pass
02/23	F8	332	pho2∆	347540	1087.5	5925.3	2015.6	9519.4	pass
02/23	F10	328	pho2∆	337689	1585.5	4050.3	3079.2000000000003	7377.3	pass
02/23	F11	328	pho2∆	351892	985.5	2176.3	1771.9	3735.8	pass
02/23	F12	328	pho2∆	339552.5	2181	4174.8	4063.6	7365.9000000000005	pass
02/23	G1	194	PHO2	407566	1324.5	25120.3	1851.9	34650.3	pass
02/23	G2	331	PHO2	368900	1279.5	14469.8	2140.6	22198.7	pass
02/23	G3	331	PHO2	361514	1151.5	13174.3	2009	20765.5	pass
02/23	G4	331	PHO2	372805.5	1356.5	13844.3	2218.3	21002.5	pass
02/23	G5	194	PHO2	405503	1333.5	22635.3	1917.6	31537	pass
02/23	G7	334	PHO2	449173.5	3231.5	41758.3	4489.299999999999	56692	pass
02/23	G8	334	PHO2	399705	3378.5	36667.3	5191.4	55026.100000000006	pass
02/23	G9	194	PHO2	403879	1059.5	22450.3	1576.6	31926.3	pass
02/23	G11	329	PHO2	468306.5	2445	53240.8	2634.4	61334.4	pass
02/23	G12	329	PHO2	477846	2222.5	49756.3	2228.1	54156.100000000006	pass
02/23	H2	331	pho2∆	371941	1518.5	13601.3	2453	20430	pass
02/23	H3	331	pho2∆	360576	1445.5	13165.3	2523.5	20802.1	pass
02/23	H4	331	pho2∆	348262	1243.5	11945.3	2289.6	19390.8	pass
02/23	H5	NA	pho2∆	371230	-90.5	725.3	22.800000000000182	1113.6	pass
02/23	H6	334	pho2∆	331927	5453	7369.8	9566.199999999999	12514.5	pass
02/23	H7	334	pho2∆	326590	4906.5	7417.3	8757.6	12825.8	pass
02/23	H8	334	pho2∆	319447	4896	7158.8	9019.8	12598.699999999999	pass
02/23	H9	NA	PHO2	355604.5	-63	502.3	95.60000000000014	785.5	pass
02/23	H10	329	pho2∆	336354.5	3440	8627.8	6116.200000000001	14807.8	pass
02/23	H11	329	pho2∆	328293	2870.5	7714.3	5530.700000000001	13513	pass
02/23	H12	329	pho2∆	338322	3441	8457.8	6147.4	14340.099999999999	pass
03/30	A1	194	PHO2	416295.5	1579.5	28418.8	2096.1	37958.4	pass
03/30	A2	239	PHO2	490210	2311.5	44667.3	2070.5	45744.200000000004	pass
03/30	A2	239	PHO2	517697	2384	42548.8	1930.5	41572.200000000004	pass
03/30	A3	239	PHO2	506907.5	2399.5	44246.3	1992.6	43443.9	pass
03/30	A3	239	PHO2	501073	2297	40807.3	1974.4	40235.8	pass
03/30	A4	239	PHO2	462122	3051.5	45687.3	3873.0000000000005	57969.8	pass
03/30	A4	239	PHO2	439373	3793	45507.8	4854.799999999999	59937.4	pass
03/30	A5	194	PHO2	391630	1046.5	22211.3	1540	31788.2	pass
03/30	A9	194	PHO2	391697	972.5	18939.8	1443.9	26889.899999999998	pass
03/30	B9	NA	pho2∆	360243	-95.5	645.3	33.700000000000045	1003.0999999999999	pass
03/30	C1	194	PHO2	384864	1128	21394.3	1733.1	31126.7	pass
03/30	C2	221	PHO2	417547	962.5	33050.3	1262.9	44727.700000000004	pass
03/30	C3	221	PHO2	407327	851.5	32182.3	1207.9	44945.100000000006	pass
03/30	C4	221	PHO2	411428	916.5	31737.3	1238	43523.5	pass
03/30	C5	194	PHO2	382059	1075.5	20014.3	1686.4	29878.1	pass
03/30	C9	194	PHO2	398053	1204.5	19997.3	1739.4	28184.6	pass
03/30	D1	NA	PHO2	366059.5	-53.5	710.3	77.70000000000005	1074.5	pass
03/30	D2	231	PHO2	423757	1880.5	41095.8	2519.2000000000003	55206.200000000004	pass
03/30	D3	231	PHO2	424290	1809.5	37148.8	2471.5	50244.3	pass
03/30	D4	231	PHO2	427231	1795.5	40585.3	2511.5	54529.600000000006	pass
03/30	E1	194	PHO2	397663	1254.5	20972.8	1817.2000000000003	29645.6	pass
03/30	E2	301	PHO2	413761	3111.5	36728.3	4816.5	52322.8	pass
03/30	E3	301	PHO2	403594	3170.5	36573.3	4986.6	53672.3	pass
03/30	E4	301	PHO2	403634	3194.5	33817.3	5002.200000000001	50637.700000000004	pass
03/30	E5	194	PHO2	402015	1276	20335.8	1804.5	28168.899999999998	pass
03/30	E6	194	PHO84	374680	965.5	26825.3	1514.9	39718.100000000006	pass
03/30	E7	194	PHO84	366265	675.5	25666.3	1163.9	38279.9	pass
03/30	E8	194	PHO84	373162	751.5	27664.3	1196.2000000000003	40399.600000000006	pass
03/30	E9	194	PHO2	390294	1208.5	21935.3	1831.5	32244	pass
03/30	F1	NA	pho2∆	359542.5	-95.5	838.8	35.90000000000009	1291.8	pass
03/30	F2	334	PHO2	422891.5	3641.5	43262.3	4990.5	58251.200000000004	pass
03/30	F3	334	PHO2	403287	3388.5	40126.3	4891.6	57686.8	pass
03/30	F4	334	PHO2	406701	3524.5	44069.3	4926.299999999999	61816.200000000004	pass
03/30	F5	NA	PHO2	359357	-94.5	553.3	49.200000000000045	871.0999999999999	pass
03/30	F6	188	PHO2	362926	756.5	13825.3	1343.7000000000003	21468.6	pass
03/30	F7	188	PHO2	383216.5	838.5	15851.3	1353.6	23243.5	pass
03/30	F8	188	PHO2	384143	797.5	14762.3	1287.8000000000002	21482	pass
03/30	G1	194	PHO2	390271	1215.5	20254.3	1802.5	29526.899999999998	pass
03/30	G2	251	PHO2	511396	2137.5	38016.3	1736.7000000000003	37168.3	pass
03/30	G3	251	PHO2	490684.5	2168	36023.8	1866.8000000000002	35762	pass
03/30	G4	251	PHO2	481119	2202.5	39369.3	2150.2000000000003	43224.3	pass
03/30	G5	194	PHO2	400323	1288.5	19269.8	1852.3000000000002	26946.7	pass
03/30	G6	188	pho2∆	362257	799	12789.3	1400.3000000000002	19579.1	pass
03/30	G7	188	pho2∆	358062.5	805.5	13927.3	1439.8000000000002	21925.3	pass
03/30	G8	188	pho2∆	358364	813.5	13715.3	1470.9	21656.7	pass
03/30	G9	194	PHO2	382394	1001.5	17559.3	1550.6	25559.899999999998	pass
03/30	H2	329	PHO2	466092	2492.5	56683.3	2680.3	64609.3	pass
03/30	H3	329	PHO2	464614	2444	61095.3	2645.1	70103.40000000001	pass
03/30	H4	329	PHO2	475914	2325.5	54426.3	2410.7000000000003	60855.600000000006	pass
03/30	H5	NA	pho2∆	347025	-120.5	671.8	27.100000000000136	1084.8	pass
03/30	H6	194	pho2∆	362371	1230.5	1057.3	1899	1547.6	pass
03/30	H7	194	pho2∆	314234	1233.5	1201.3	2800	2554.8	pass
03/30	H8	194	pho2∆	348739	1159.5	935.3	1871.9	1377.5	pass
03/30	H9	NA	PHO2	369414	-89.5	610.3	5.600000000000136	927.3	pass
03/31	A1	194	PHO2	259294.5	681.5	15841.8	2262.2000000000003	35838.600000000006	pass
03/31	A2	239	PHO2	517594.5	2777.5	48178.8	2283	47471.100000000006	pass
03/31	A2	239	PHO2	507936	2615.5	41623.3	2213.7000000000003	41383.3	pass
03/31	A3	239	PHO2	518584.5	2409	42904.3	1933.8000000000002	41132.9	pass
03/31	A3	239	PHO2	525455	2458.5	42216.3	1937.1	39741.3	pass
03/31	A4	239	PHO2	461479	3218	47784.8	4050.1	58540.8	pass
03/31	A4	239	PHO2	435275	3673	49912.8	4714.1	63880.4	pass
03/31	A5	194	PHO2	413382	1329	21158.3	1793	28724.3	pass
03/31	A9	194	PHO2	399533	1065.5	18508.3	1498.4	25535.1	pass
03/31	B9	NA	pho2∆	341167	-124.5	644.8	67.60000000000014	1065.7	pass
03/31	C1	194	PHO2	412841	1498.5	25154.3	1999.4	33849.600000000006	pass
03/31	C2	221	PHO2	440830	1187.5	35076.3	1384.6	43844.9	pass
03/31	C3	221	PHO2	433783	1114.5	31706.8	1384	40443.200000000004	pass
03/31	C4	221	PHO2	423704	1056.5	31760.3	1341.1	42254.200000000004	pass
03/31	C5	194	PHO2	402236	1269	19744.8	1777.6	27358.899999999998	pass
03/31	C9	194	PHO2	398023	1050.5	17297.3	1512.4	24050	pass
03/31	D1	NA	PHO2	352166	-31.5	649.3	158.20000000000005	1044.5	pass
03/31	D2	231	PHO2	415377.5	1784.5	36327.8	2492	49724.700000000004	pass
03/31	D3	231	PHO2	393114	1572.5	32172.8	2384.6	46691.600000000006	pass
03/31	D4	231	PHO2	415288.5	1764.5	38041.8	2521.4	52509.5	pass
03/31	E1	194	PHO2	413114	1371.5	21804.3	1817.4	29247	pass
03/31	E2	301	PHO2	404598.5	3054	37628.8	4684.799999999999	54797.600000000006	pass
03/31	E3	301	PHO2	377509	2916	34997.8	4928.200000000001	55730.600000000006	pass
03/31	E4	301	PHO2	445762	2584	35119.3	3194.7000000000003	45233.200000000004	pass
03/31	E5	194	PHO2	406103	1244.5	19309.8	1699.6	26332.6	pass
03/31	E6	194	PHO84	413089	1324.5	31055.3	1734.8000000000002	41247.600000000006	pass
03/31	E7	194	PHO84	394743	1002.5	26319.3	1465.3000000000002	36991.4	pass
03/31	E8	194	PHO84	397195.5	1056.5	23659.3	1462.2000000000003	32886.5	pass
03/31	E9	194	PHO2	406072	1019.5	17077.3	1414.5	23424.8	pass
03/31	F1	NA	pho2∆	348154	-84	854.3	95.70000000000005	1376.8	pass
03/31	F2	334	PHO2	419429.5	2707.5	39482.8	4065.7000000000003	56323.600000000006	pass
03/31	F3	334	PHO2	406703	2748.5	38685.3	4151.799999999999	55023.5	pass
03/31	F4	334	PHO2	398648	2697.5	32343.3	4093.7999999999997	46727.9	pass
03/31	F5	NA	PHO2	342956	-84.5	550.3	114.40000000000009	907.3	pass
03/31	F6	188	PHO2	389385	765	14825.3	1167.8000000000002	21294.3	pass
03/31	F7	188	PHO2	382125	779	14682.8	1242.6	21191	pass
03/31	F8	188	PHO2	371021	665.5	12888.3	1132.8000000000002	19068.3	pass
03/31	G1	194	PHO2	412909	1261.5	21428.3	1722.4	29285.899999999998	pass
03/31	G2	251	PHO2	500961	1744.5	29833.8	1410.5	29044	pass
03/31	G3	251	PHO2	481840	2012.5	41817.3	1769.3000000000002	42683	pass
03/31	G4	251	PHO2	468153.5	2160	34937.3	2149.4	39122.8	pass
03/31	G5	194	PHO2	398384	1029.5	17977.3	1507.6	25338.7	pass
03/31	G6	188	pho2∆	366718.5	750	12271.8	1304.4	18498.5	pass
03/31	G7	188	pho2∆	368711	700.5	12544.3	1227.1	18959.8	pass
03/31	G8	188	pho2∆	366961	815.5	12513.3	1402.4	19028.8	pass
03/31	G9	194	PHO2	398825	1004.5	16047.3	1490.3000000000002	22712.2	pass
03/31	H2	329	PHO2	449618	2753.5	67887.3	3116.0000000000005	80635.40000000001	pass
03/31	H3	329	PHO2	462204	2675	59888.3	2843.7000000000003	68045.1	pass
03/31	H4	329	PHO2	475026	2643	57067.3	2711.5	64484	pass
03/31	H5	NA	pho2∆	352858	-118.5	651.3	1.7000000000000455	1020.8	pass
03/31	H6	194	pho2∆	359972	1180	1404.3	1875.9	2113.8	pass
03/31	H7	194	pho2∆	353970	992.5	1164.3	1707.5	1799	pass
03/31	H8	194	pho2∆	361207	1335.5	1276.3	2028.8000000000002	1879.6	pass
03/31	H9	NA	PHO2	330622	-154.5	425.3	27.300000000000182	728	pass
