{
 "chain_iptm": [
  0.16,
  0.17,
  0.14,
  0.09
 ],
 "chain_pair_iptm": [
  [
   0.23,
   0.26,
   0.14,
   0.09
  ],
  [
   0.26,
   0.23,
   0.17,
   0.09
  ],
  [
   0.14,
   0.17,
   0.41,
   0.1
  ],
  [
   0.09,
   0.09,
   0.1,
   0.12
  ]
 ],
 "chain_pair_pae_min": [
  [
   0.76,
   1.28,
   14.71,
   18.14
  ],
  [
   1.33,
   0.76,
   13.72,
   17.89
  ],
  [
   10.48,
   13.92,
   0.76,
   25.69
  ],
  [
   23.42,
   22.04,
   27.58,
   0.81
  ]
 ],
 "chain_ptm": [
  0.23,
  0.23,
  0.41,
  0.12
 ],
 "fraction_disordered": 0.1,
 "has_clash": 0.0,
 "iptm": 0.19,
 "num_recycles": 10.0,
 "ptm": 0.28,
 "ranking_score": 0.26
}