{
 "chain_iptm": [
  0.16,
  0.15,
  0.13,
  0.09
 ],
 "chain_pair_iptm": [
  [
   0.22,
   0.26,
   0.15,
   0.08
  ],
  [
   0.26,
   0.23,
   0.12,
   0.08
  ],
  [
   0.15,
   0.12,
   0.39,
   0.11
  ],
  [
   0.08,
   0.08,
   0.11,
   0.12
  ]
 ],
 "chain_pair_pae_min": [
  [
   0.76,
   1.26,
   9.8,
   19.58
  ],
  [
   1.37,
   0.76,
   20.0,
   19.87
  ],
  [
   6.99,
   18.88,
   0.76,
   20.25
  ],
  [
   26.07,
   23.77,
   22.7,
   0.81
  ]
 ],
 "chain_ptm": [
  0.22,
  0.23,
  0.39,
  0.12
 ],
 "fraction_disordered": 0.02,
 "has_clash": 0.0,
 "iptm": 0.19,
 "num_recycles": 10.0,
 "ptm": 0.28,
 "ranking_score": 0.22
}