{
 "chain_iptm": [
  0.22,
  0.18,
  0.22,
  0.09
 ],
 "chain_pair_iptm": [
  [
   0.23,
   0.26,
   0.32,
   0.08
  ],
  [
   0.26,
   0.23,
   0.22,
   0.08
  ],
  [
   0.32,
   0.22,
   0.4,
   0.11
  ],
  [
   0.08,
   0.08,
   0.11,
   0.12
  ]
 ],
 "chain_pair_pae_min": [
  [
   0.76,
   1.26,
   3.07,
   25.04
  ],
  [
   1.28,
   0.76,
   11.17,
   25.15
  ],
  [
   3.17,
   15.56,
   0.76,
   20.83
  ],
  [
   28.33,
   28.65,
   22.72,
   0.81
  ]
 ],
 "chain_ptm": [
  0.23,
  0.23,
  0.4,
  0.12
 ],
 "fraction_disordered": 0.32,
 "has_clash": 0.0,
 "iptm": 0.26,
 "num_recycles": 10.0,
 "ptm": 0.29,
 "ranking_score": 0.42
}