{
 "chain_iptm": [
  0.18,
  0.15,
  0.14,
  0.08
 ],
 "chain_pair_iptm": [
  [
   0.22,
   0.26,
   0.19,
   0.07
  ],
  [
   0.26,
   0.23,
   0.12,
   0.07
  ],
  [
   0.19,
   0.12,
   0.39,
   0.11
  ],
  [
   0.07,
   0.07,
   0.11,
   0.12
  ]
 ],
 "chain_pair_pae_min": [
  [
   0.76,
   1.14,
   5.78,
   28.59
  ],
  [
   1.21,
   0.76,
   17.72,
   28.7
  ],
  [
   7.44,
   18.58,
   0.76,
   21.15
  ],
  [
   29.54,
   30.48,
   22.9,
   0.8
  ]
 ],
 "chain_ptm": [
  0.22,
  0.23,
  0.39,
  0.12
 ],
 "fraction_disordered": 0.01,
 "has_clash": 0.0,
 "iptm": 0.19,
 "num_recycles": 10.0,
 "ptm": 0.28,
 "ranking_score": 0.21
}