{
 "chain_iptm": [
  0.16,
  0.16,
  0.13,
  0.09
 ],
 "chain_pair_iptm": [
  [
   0.22,
   0.26,
   0.14,
   0.08
  ],
  [
   0.26,
   0.23,
   0.14,
   0.08
  ],
  [
   0.14,
   0.14,
   0.4,
   0.11
  ],
  [
   0.08,
   0.08,
   0.11,
   0.12
  ]
 ],
 "chain_pair_pae_min": [
  [
   0.76,
   1.24,
   15.03,
   26.19
  ],
  [
   1.3,
   0.76,
   16.37,
   26.25
  ],
  [
   11.41,
   16.61,
   0.76,
   22.37
  ],
  [
   27.82,
   28.95,
   21.79,
   0.81
  ]
 ],
 "chain_ptm": [
  0.22,
  0.23,
  0.4,
  0.12
 ],
 "fraction_disordered": 0.01,
 "has_clash": 0.0,
 "iptm": 0.19,
 "num_recycles": 10.0,
 "ptm": 0.28,
 "ranking_score": 0.21
}