date	plasmid	host	CV_YL2.H	CV_BL1.H	CV_FSC.H	plate	well	events	FSC.H	BL1.H	YL2.H	nGFP	nRFP
02/08	209	PHO2	0.312	0.355	0.065	A	C10	9427	351768	720.5	7213.3	1341.7000000000003	11501.3
02/08	209	PHO2	0.312	0.355	0.065	A	C11	7230	400359.5	1491.5	13383.8	2065.9	18128.899999999998
02/08	209	PHO2	0.312	0.355	0.065	A	C12	9278	372038	1053.5	9425.8	1720.1	14077.599999999999
02/08	209	pho2∆	0.304	0.434	0.042	A	D10	9379	334949	516.5	5661.3	1148.9	9462.599999999999
02/08	209	pho2∆	0.304	0.434	0.042	A	D11	8921	362538	1347.5	10631.3	2240.1	16241.5
02/08	209	pho2∆	0.304	0.434	0.042	A	D12	9094	358023.5	1199.5	9594.3	2053.5	15110
02/08	213	PHO2	0.282	0.402	0.06	A	A2	9122	408931.5	1269	15231.8	1732.1	20659.6
02/08	213	PHO2	0.282	0.402	0.06	A	A3	9455	411686	753.5	12121.3	1103.8000000000002	17061.7
02/08	213	PHO2	0.282	0.402	0.06	A	A4	2848	454196.5	1769	21092.3	1990.6	24931.2
02/08	213	pho2∆	0.234	0.361	0.036	A	B2	8650	401974	1493.5	14313.8	2055.1	19334
02/08	213	pho2∆	0.234	0.361	0.036	A	B3	9562	396552	788.5	11426.8	1248.4	16510.7
02/08	213	pho2∆	0.234	0.361	0.036	A	B4	2719	423976	1705.5	18265.3	2139.2000000000003	23457.8
02/08	215	PHO2	0.211	0.16	0.02	A	A10	9197	397961	1566.5	10361.3	2228.3	13988.199999999999
02/08	215	PHO2	0.211	0.16	0.02	A	A11	9200	384521.5	1152.5	6966.3	1755.8000000000002	9786.8
02/08	215	PHO2	0.211	0.16	0.02	A	A12	8990	384663.5	1516	10298.3	2240.7000000000003	14585.3
02/08	232	PHO2	0.199	0.351	0.044	A	C2	7301	410334	1449.5	27220.3	2033.6	38449.100000000006
02/08	232	PHO2	0.199	0.351	0.044	A	C3	9609	386858	761.5	21345.3	1285.8000000000002	31814.1
02/08	232	PHO2	0.199	0.351	0.044	A	C4	2983	422003	1595.5	32037.3	2070.5	42823.9
02/08	232	pho2∆	0.318	0.25	0.016	A	D2	9071	385108	1591.5	1408.3	2312.7000000000003	1985.2
02/08	232	pho2∆	0.318	0.25	0.016	A	D3	9856	386340	1113.5	2471.3	1614.2000000000003	3562.4
02/08	232	pho2∆	0.318	0.25	0.016	A	D4	4530	396430.5	1866.5	1555.8	2415.7000000000003	2113.8
02/08	234	pho2∆	0.182	0.337	0.023	A	F2	4963	374243	3028.5	6112.3	4631.700000000001	8752.3
02/08	234	pho2∆	0.182	0.337	0.023	A	F3	5399	377646	1608.5	4534.3	2511.9	6877.5
02/08	234	pho2∆	0.182	0.337	0.023	A	F4	4949	390552	3227.5	6493.3	4605.200000000001	8973.5
02/08	235	PHO2	0.183	0.467	0.059	A	G2	5209	361041	1876.5	3291.3	3032.4	5011.9000000000005
02/08	235	PHO2	0.183	0.467	0.059	A	G3	5291	341756	701.5	2272.3	1361.5	3611.9
02/08	235	PHO2	0.183	0.467	0.059	A	G4	5035	384648	1980.5	2799.3	2974.3	4057.7
02/08	239	pho2∆	0.139	0.352	0.027	A	H6	5007	344459	3881.5	9330.3	6610.700000000001	15335.199999999999
02/08	239	pho2∆	0.139	0.352	0.027	A	H7	4945	338086	2972.5	8365.3	5233	14091.8
02/08	239	pho2∆	0.139	0.352	0.027	A	H8	5110	326484	1844.5	7052.3	3542.0000000000005	12219.9
02/08	NA	PHO2	0.169	0.844	0.021	A	D1	9185	396095	111.5	491.3	205.80000000000018	678.5999999999999
02/08	NA	PHO2	0.169	0.844	0.021	A	F5	5149	384401	4.5	457.3	110.10000000000014	666.9
02/08	NA	PHO2	0.169	0.844	0.021	A	H9	5144	400126	79	625.3	143.10000000000014	856
02/08	NA	pho2∆	0.294	1.662	0.027	A	B9	9009	378237	-6.5	913.3	99.60000000000014	1340.3
02/08	NA	pho2∆	0.294	1.662	0.027	A	F1	5172	382306.5	10	503.3	108.5	726.1999999999999
02/08	NA	pho2∆	0.294	1.662	0.027	A	H5	5155	397968	24.5	683.3	78	945.0999999999999
02/09	188	PHO2	0.057	0.226	0.014	A	C2	5143	401761	1069.5	13764.3	1524.7000000000003	18689.399999999998
02/09	188	PHO2	0.057	0.226	0.014	A	C3	5037	392437	1052.5	14054.3	1571.1	19875.6
02/09	188	PHO2	0.057	0.226	0.014	A	C4	5076	392017.5	693.5	12602.8	1067.1	17717.2
02/09	188	pho2∆	0.147	0.341	0.036	A	D2	5116	382576	1136.5	13195.3	1734.5	19357.399999999998
02/09	188	pho2∆	0.147	0.341	0.036	A	D3	5189	397190	1224.5	14799.3	1750.5	20336.6
02/09	188	pho2∆	0.147	0.341	0.036	A	D4	5141	369476	602.5	11004.3	1058.7000000000003	16365.599999999999
02/09	209	PHO2	0.14	0.227	0.024	A	G2	5102	374376.5	1263	8471.8	1994.7000000000003	12443.4
02/09	209	PHO2	0.14	0.227	0.024	A	G3	5072	360961	1038.5	6863.8	1812.6	10674.4
02/09	209	PHO2	0.14	0.227	0.024	A	G4	5089	377377	794.5	6574.3	1298.8000000000002	9442.3
02/09	215	PHO2	0.343	0.512	0.058	A	E2	5217	382829	1486.5	8537.3	2231.4	12110.599999999999
02/09	215	PHO2	0.343	0.512	0.058	A	E3	4968	344143.5	737.5	4788.8	1448.3000000000002	7608.7
02/09	215	PHO2	0.343	0.512	0.058	A	E4	5106	349547.5	590.5	5030.3	1163.6	7933.7
02/09	215	pho2∆	0.163	0.25	0.021	A	F2	5065	350917	1679.5	9525.3	2902.6	15217.099999999999
02/09	215	pho2∆	0.163	0.25	0.021	A	F3	4788	361708.5	1866.5	9566.3	2948.5	14602.8
02/09	215	pho2∆	0.163	0.25	0.021	A	F4	5180	347088	1118.5	7080.3	2071.7000000000003	11628.8
02/09	216	pho2∆	0.302	0.471	0.053	A	H6	4997	351421	1689.5	3777.3	3035.6	6343
02/09	216	pho2∆	0.302	0.471	0.053	A	H7	5027	334410	794.5	2856.3	1641.4	5023
02/09	216	pho2∆	0.302	0.471	0.053	A	H8	4964	371551	2278	5220.3	3551.7999999999997	7914.2
02/09	232	pho2∆	0.217	0.251	0.005	A	D6	5184	373825	1220.5	975.8	1795.8000000000002	1415.5
02/09	232	pho2∆	0.217	0.251	0.005	A	D7	5076	371777	1957	1506.3	2649.7000000000003	2156.3
02/09	232	pho2∆	0.217	0.251	0.005	A	D8	5081	370476	1401.5	1196.3	2043.9	1749.7
02/09	234	PHO2	0.121	0.235	0.002	A	A10	2751	538643	1870.5	47349.3	1395.9	44841.5
02/09	234	PHO2	0.121	0.235	0.002	A	A11	5773	540909	1208.5	41171.3	818.4000000000001	38624.8
02/09	234	PHO2	0.121	0.235	0.002	A	A12	1826	541004	1894.5	52541.3	1393.4	49397.8
02/09	234	pho2∆	0.167	0.21	0.05	A	B10	5158	296022	1492	3525.3	3373.1	6856.2
02/09	234	pho2∆	0.167	0.21	0.05	A	B11	5035	327028	1968.5	4195.3	3716.7000000000003	7191.4000000000005
02/09	234	pho2∆	0.167	0.21	0.05	A	B12	5038	316577.5	1322	3002.8	2788.3	5363.6
02/09	NA	PHO2	0.082	0.727	0.018	A	D1	5222	379994	67.5	359.3	201.60000000000014	522.3
02/09	NA	PHO2	0.082	0.727	0.018	A	F5	5230	381902	58.5	423.3	171.70000000000005	606.5
02/09	NA	PHO2	0.082	0.727	0.018	A	H9	5168	369349.5	7.5	397.3	146.5	599.6999999999999
02/09	NA	pho2∆	0.117	1.409	0.028	A	B9	5244	373079.5	11.5	649.3	144.70000000000005	963.0999999999999
02/09	NA	pho2∆	0.117	1.409	0.028	A	F1	5182	394352	32.5	607.3	100.10000000000014	845.4
02/09	NA	pho2∆	0.117	1.409	0.028	A	H5	5215	380341	-4.5	514.3	89.40000000000009	738
02/11	220	PHO2	0.344	0.181	0.058	A	E10	5278	375096.5	884.5	1918.8	1372.4	2746
02/11	220	PHO2	0.344	0.181	0.058	A	E11	5084	339640.5	1274.5	3546.3	2415.3	6122.5
02/11	220	PHO2	0.344	0.181	0.058	A	E12	5297	340459	1157.5	3961.3	2149.1	6737.9000000000005
02/11	220	pho2∆	0.3	0.265	0.04	A	F10	5246	385229	921.5	2012.8	1354.5	2859.1000000000004
02/11	220	pho2∆	0.3	0.265	0.04	A	F11	5349	358458	1425.5	3345.3	2523.3	6167
02/11	220	pho2∆	0.3	0.265	0.04	A	F12	5078	383298	929	2101.3	1372.6	2979.8
02/11	227	PHO2	0.086	0.223	0.011	A	G2	5151	362658	2612.5	5094.3	4197.5	7910.8
02/11	227	PHO2	0.086	0.223	0.011	A	G3	5125	355070	1909.5	5379.3	3174.2999999999997	8475.199999999999
02/11	227	PHO2	0.086	0.223	0.011	A	G4	5105	359022	3018.5	6017.3	4882.200000000001	9332
02/11	NA	pho2∆	0.157	0.588	0.011	A	B9	5259	384535	84.5	838.3	190.60000000000014	1198.1
02/11	NA	pho2∆	0.157	0.588	0.011	A	F1	5261	391829	69.5	631.3	158.10000000000014	889.4
02/11	NA	pho2∆	0.157	0.588	0.011	A	H5	5321	384479	19.5	663.3	123.30000000000018	970.5999999999999
02/16	188	PHO2	0.205	0.288	0.053	A	C2	4983	406336	1175.5	20234.3	1567.6	26790.5
02/16	188	PHO2	0.205	0.288	0.053	A	C3	5100	367650.5	661	13445.3	1132.8000000000002	20049.8
02/16	188	PHO2	0.205	0.288	0.053	A	C4	5019	400500	1132.5	18824.3	1578.5	25812.7
02/16	218	pho2∆	0.093	0.207	0.055	A	H6	5110	369383.5	2874.5	9472.8	4825.5	14821.199999999999
02/16	218	pho2∆	0.093	0.207	0.055	A	H7	5140	391740.5	4353.5	11175.8	6281.6	15908.5
02/16	218	pho2∆	0.093	0.207	0.055	A	H8	4865	350719	3525.5	9631.3	6057.1	15665.199999999999
02/16	220	PHO2	0.35	0.283	0.023	A	E10	5392	393899	915	1858.8	1262.9	2538.2000000000003
02/16	220	PHO2	0.35	0.283	0.023	A	E11	5078	382217.5	1626	3741.3	2470.5	5650.4000000000005
02/16	220	PHO2	0.35	0.283	0.023	A	E12	5204	376581.5	1238	2552.3	1933.6	3947.1000000000004
02/16	220	pho2∆	0.332	0.331	0.017	A	F10	5379	388260	730.5	1680.3	1114.3000000000002	2361.1000000000004
02/16	220	pho2∆	0.332	0.331	0.017	A	F11	5242	382867	1254.5	2741.3	1914	4187.9000000000005
02/16	220	pho2∆	0.332	0.331	0.017	A	F12	5188	375009.5	738	1534.8	1138.1	2224.9
02/16	221	PHO2	0.125	0.268	0.035	A	G11	3903	448073	1364.5	36408.3	1543.4	43818
02/16	221	PHO2	0.125	0.268	0.035	A	G12	5098	426439	930	30478.8	1238.7000000000003	40919
02/16	227	PHO2	0.118	0.254	0.011	A	G2	5154	338600	1528.5	4685.3	2940.3	7952.5
02/16	227	PHO2	0.118	0.254	0.011	A	G3	5278	344628.5	1618	5892.8	2867.1	9586.599999999999
02/16	227	PHO2	0.118	0.254	0.011	A	G4	5237	345543	2379.5	5645.3	4026.5000000000005	9034.099999999999
02/16	NA	PHO2	0.082	0.64	0.023	A	D1	5091	380375	131.5	650.3	292.10000000000014	937.3
02/16	NA	PHO2	0.082	0.64	0.023	A	F5	4966	363547	42.5	587.8	241.30000000000018	903.8
02/16	NA	PHO2	0.082	0.64	0.023	A	H9	5159	373906	53.5	554.3	207.5	823.1999999999999
02/16	NA	pho2∆	0.068	0.862	0.037	A	B9	5350	404013.5	142	810.3	206.60000000000014	1090.1
02/16	NA	pho2∆	0.068	0.862	0.037	A	F1	5236	385916.5	47	922.3	150.20000000000005	1294.5
02/16	NA	pho2∆	0.068	0.862	0.037	A	H5	5212	375407	26	836.3	166.9000000000001	1243.7
02/18	230	pho2∆	0.271	0.256	0.02	A	B2	4999	418167	3628.5	11377.3	4860.299999999999	14725.3
02/18	230	pho2∆	0.271	0.256	0.02	A	B3	5097	421681	3358.5	10256.3	4527.9	13485.4
02/18	230	pho2∆	0.271	0.256	0.02	A	B4	5006	405623	2162	6518.8	3112.1	9227
02/18	233	pho2∆	1.296	0.54	0.06	A	H2	4948	413935.5	4710.5	906.3	5864	1173.6
02/18	233	pho2∆	1.296	0.54	0.06	A	H3	5178	407518	4790	955.3	6129.299999999999	1287.8999999999999
02/18	233	pho2∆	1.296	0.54	0.06	A	H4	5102	369971.5	11201	9227.3	17732.2	13920.699999999999
02/18	241	PHO2	0.251	0.076	0.041	A	C6	4285	510109	2503.5	33521.3	2164.2000000000003	33424.5
02/18	241	PHO2	0.251	0.076	0.041	A	C7	1524	471464	2728.5	53325.3	2777	60170.9
02/18	241	PHO2	0.251	0.076	0.041	A	C8	2016	500825.5	2915	37780.3	2596.7000000000003	37697.3
02/18	250	PHO2	0.224	0.209	0.053	A	E6	5173	401309	3446.5	5311.3	4713.6	7170
02/18	250	PHO2	0.224	0.209	0.053	A	E7	5216	364877	2294.5	3481.3	3581.6	5216.8
02/18	250	PHO2	0.224	0.209	0.053	A	E8	5245	368300	2677.5	3938.3	4150.5	5968.8
02/18	252	pho2∆	0.204	0.104	0.007	A	B10	5476	443563	4504.5	5959.8	5600.799999999999	7277
02/18	252	pho2∆	0.204	0.104	0.007	A	B11	5574	445457	4488	5837.8	5484.5	7178
02/18	252	pho2∆	0.204	0.104	0.007	A	B12	3836	439510	5354.5	8254.3	6960.799999999999	10641.5
02/18	NA	PHO2	0.043	1.268	0.013	A	D1	4963	398016	116.5	667.3	182.20000000000005	910.0999999999999
02/18	NA	PHO2	0.043	1.268	0.013	A	F5	5372	395219.5	65.5	633.3	137.80000000000018	864.4
02/18	NA	PHO2	0.043	1.268	0.013	A	H9	5235	388320	-19.5	613.3	54.80000000000018	854.8
02/18	NA	pho2∆	0.25	1.033	0.031	A	B9	5202	387481.5	49	1145.3	151.30000000000018	1633.2
02/18	NA	pho2∆	0.25	1.033	0.031	A	F1	5126	408220	71.5	883.3	95.60000000000014	1163.5
02/18	NA	pho2∆	0.25	1.033	0.031	A	H5	5234	386814.5	-5.5	694.3	64.5	976.5
02/19	233	pho2∆	1.155	0.43	0.094	A	D10	4834	391435.5	4349	1230.8	5846.1	1721.3
02/19	233	pho2∆	1.155	0.43	0.094	A	D11	4993	391237	4712.5	1001.3	6402.299999999999	1380.7
02/19	233	pho2∆	1.155	0.43	0.094	A	D12	5008	331057.5	8998	7807.8	15378.499999999998	13498.3
02/19	240	PHO2	0.254	0.179	0.017	A	A10	5042	353262	1279.5	3837.8	2220.9	5993.8
02/19	240	PHO2	0.254	0.179	0.017	A	A11	5273	346476	1160.5	3038.3	2123.1	4904.8
02/19	240	PHO2	0.254	0.179	0.017	A	A12	5190	358581	1628.5	5046.8	2716.7000000000003	7759.7
02/19	241	PHO2	0.381	0.109	0.015	A	G2	4097	493807	2022.5	23817.3	1827.7000000000003	24288.8
02/19	241	PHO2	0.381	0.109	0.015	A	G3	5285	479488	2440.5	47947.3	2392.2000000000003	51785.5
02/19	241	PHO2	0.381	0.109	0.015	A	G4	5255	483879	2039.5	28708.3	1950.2000000000003	30271.2
02/19	NA	PHO2	0.672	0.998	0.006	A	D1	5375	361949	6.5	474.3	182.30000000000018	718.6999999999999
02/19	NA	PHO2	0.672	0.998	0.006	A	F5	5082	358838.5	56.5	1940.3	274.60000000000014	2919.6000000000004
02/19	NA	PHO2	0.672	0.998	0.006	A	H9	5116	357745.5	16.5	933.8	199	1440.3
02/19	NA	pho2∆	0.704	6.439	0.041	A	B9	5187	378003	23.5	878.3	149.70000000000005	1302.7
02/19	NA	pho2∆	0.704	6.439	0.041	A	F1	5113	358410	-24.5	1168.3	171.80000000000018	1823.5
02/19	NA	pho2∆	0.704	6.439	0.041	A	H5	5189	349084	-10.5	3099.3	213.10000000000014	4846.6
02/20	194	PHO2	0.138	0.296	0.045	A	A1	5260	430221.5	1664.5	30344.8	2125.5	39318
02/20	194	PHO2	0.138	0.296	0.045	A	A5	5187	437788	1685.5	31713.3	2096	40141
02/20	194	PHO2	0.138	0.296	0.045	A	A9	5213	396641	761.5	23150.3	1092.9	32498.8
02/20	194	PHO2	0.138	0.296	0.045	A	C1	5140	435363	1507.5	27290.3	1935	35090.8
02/20	194	PHO2	0.138	0.296	0.045	A	C5	5297	416539	1121.5	24806.3	1543.3000000000002	33193.600000000006
02/20	194	PHO2	0.138	0.296	0.045	A	C9	5453	386129	669.5	20018.3	1034.8000000000002	28926.3
02/20	194	PHO2	0.138	0.296	0.045	A	E1	5167	413917	1541.5	23111.3	2086.3	31431.3
02/20	194	PHO2	0.138	0.296	0.045	A	E5	5324	425076.5	1407.5	26063.8	1846.3000000000002	33952.8
02/20	194	PHO2	0.138	0.296	0.045	A	E9	5228	390401	893	22546.3	1319.7000000000003	31876.2
02/20	194	PHO2	0.138	0.296	0.045	A	G1	5154	413178	1339.5	23173.3	1796.4	31209.7
02/20	194	PHO2	0.138	0.296	0.045	A	G5	5229	410616	1247.5	24715.3	1705.6	33622
02/20	194	PHO2	0.138	0.296	0.045	A	G9	5293	386221	826.5	22174.3	1322.8000000000002	31425.6
02/20	265	pho2∆	0.105	0.233	0.021	A	B6	5125	388906	1975.5	5726.3	3109.4	8773.099999999999
02/20	265	pho2∆	0.105	0.233	0.021	A	B7	5250	394810.5	2583.5	5338.3	3915.0000000000005	8576.9
02/20	265	pho2∆	0.105	0.233	0.021	A	B8	5107	378636	1634.5	4643.3	2614.7000000000003	7615.6
02/20	NA	PHO2	0.024	2.891	0.017	A	D1	5138	379838	13.5	441.3	134	642.3
02/20	NA	PHO2	0.024	2.891	0.017	A	F5	5203	380265	8.5	461.3	127.70000000000005	664.1999999999999
02/20	NA	PHO2	0.024	2.891	0.017	A	H9	5035	368817	-71.5	459.3	43.700000000000045	693.8
02/20	NA	pho2∆	0.024	0.685	0.04	A	B9	5282	363652.5	-75.5	634.8	49.100000000000136	972.3
02/20	NA	pho2∆	0.024	0.685	0.04	A	F1	5174	393623	-17.5	611.8	47.90000000000009	858
02/20	NA	pho2∆	0.024	0.685	0.04	A	H5	5220	383565.5	-36.5	606.3	53.80000000000018	873.3
02/21	258	pho2∆	0.168	0.221	0.052	A	H10	5101	395923	3348.5	12911.3	4814.200000000001	18434.6
02/21	258	pho2∆	0.168	0.221	0.052	A	H11	4944	359367	2143.5	9200.8	3642.0000000000005	14664
02/21	258	pho2∆	0.168	0.221	0.052	A	H12	4961	366295	2686.5	11057.3	4384.299999999999	17184.6
02/21	265	PHO2	0.155	0.33	0.056	A	E6	5118	339511.5	721.5	6164.8	1507.8000000000002	10239.599999999999
02/21	265	PHO2	0.155	0.33	0.056	A	E7	5145	359398	1064.5	6962.3	1844.5	10788.199999999999
02/21	265	PHO2	0.155	0.33	0.056	A	E8	5221	321209	559.5	5086.3	1350.5	8984.199999999999
02/21	266	pho2∆	0.115	0.234	0.098	A	H6	4942	318029.5	1127.5	6457.8	2542.9	11855.099999999999
02/21	266	pho2∆	0.115	0.234	0.098	A	H7	4920	327046	1792	7940.3	3332.1	13613.4
02/21	266	pho2∆	0.115	0.234	0.098	A	H8	5096	379894	1700.5	7936.8	2680.9	11874.4
02/21	276	pho2∆	0.153	0.285	0.058	A	B6	4812	340469	697	6889.3	1452.5	11177.5
02/21	276	pho2∆	0.153	0.285	0.058	A	B7	5048	377998	1245	9333.8	1910.7000000000003	13525.5
02/21	276	pho2∆	0.153	0.285	0.058	A	B8	4927	376672	1159.5	8689.3	1872.8000000000002	12774.8
02/21	NA	PHO2	0.505	0.638	0.018	A	D1	5210	364501.5	39.5	566.3	212.10000000000014	868.8
02/21	NA	PHO2	0.505	0.638	0.018	A	F5	5186	360933.5	7.5	529.3	187.10000000000014	821.9
02/21	NA	PHO2	0.505	0.638	0.018	A	H9	5100	351963	38.5	1222.3	254.30000000000018	1902.2
02/21	NA	pho2∆	0.571	40.173	0.062	A	B9	5142	397159.5	82.5	678.3	163.10000000000014	941.3999999999999
02/21	NA	pho2∆	0.571	40.173	0.062	A	F1	5012	359272	-53.5	711.8	114.70000000000005	1090.3999999999999
02/21	NA	pho2∆	0.571	40.173	0.062	A	H5	5174	355319.5	-34.5	1719.3	156.80000000000018	2674.7000000000003
02/22	194	pho2∆	0.084	0.349	0.015	A	F10	5266	376039	932.5	1046.3	1421.6	1541.2
02/22	194	pho2∆	0.084	0.349	0.015	A	F11	5291	386986	1808.5	973.3	2408.6	1305.8
02/22	194	pho2∆	0.084	0.349	0.015	A	F12	5188	383312.5	1161	1150.3	1659.1	1616.7
02/22	301	pho2∆	0.115	0.201	0.043	A	B2	5183	356962	7897.5	6135.3	13049.6	9766
02/22	301	pho2∆	0.115	0.201	0.043	A	B3	4973	357770	10091.5	6347.3	16486.2	10002.4
02/22	301	pho2∆	0.115	0.201	0.043	A	B4	5092	384405.5	11901	7557.3	17770.4	10531.9
02/22	328	pho2∆	0.332	0.366	0.049	A	F6	5015	389457	3129.5	4987.3	4868.299999999999	7576
02/22	328	pho2∆	0.332	0.366	0.049	A	F7	5207	386365	1427.5	2476.3	2287.2000000000003	4069.5
02/22	328	pho2∆	0.332	0.366	0.049	A	F8	4961	356202	2466.5	3939.3	4437	6753.9000000000005
02/22	NA	PHO2	0.151	2.081	0.058	A	D1	5278	390049	48	431.3	141.4000000000001	615.5999999999999
02/22	NA	PHO2	0.151	2.081	0.058	A	F5	5130	364610	-50.5	444.3	84.20000000000005	682.9
02/22	NA	PHO2	0.151	2.081	0.058	A	H9	5049	347985	-117.5	333.3	39.80000000000018	541.9
02/22	NA	pho2∆	0.203	0.87	0.031	A	B9	5193	373646	-3.5	648.3	114.20000000000005	969.5999999999999
02/22	NA	pho2∆	0.203	0.87	0.031	A	F1	5226	351508	-131.5	437.3	22.600000000000136	708.8
02/22	NA	pho2∆	0.203	0.87	0.031	A	H5	4963	362725	-90.5	505.3	26.40000000000009	781.0999999999999
02/23	328	pho2∆	0.323	0.377	0.023	A	F10	5073	337689	1585.5	4050.3	3079.2000000000003	7377.3
02/23	328	pho2∆	0.323	0.377	0.023	A	F11	5210	351892	985.5	2176.3	1771.9	3735.8
02/23	328	pho2∆	0.323	0.377	0.023	A	F12	4978	339552.5	2181	4174.8	4063.6	7365.9000000000005
02/23	332	pho2∆	0.157	0.404	0.05	A	F6	5108	372761	1712	7187.3	2665.3	10727.4
02/23	332	pho2∆	0.157	0.404	0.05	A	F7	4990	339080	766.5	5296.3	1498.2000000000003	8714.5
02/23	332	pho2∆	0.157	0.404	0.05	A	F8	4869	347540	1087.5	5925.3	2015.6	9519.4
02/23	NA	PHO2	0.076	0.965	0.041	A	D1	5208	385386	4.5	578.8	85.40000000000009	825.5
02/23	NA	PHO2	0.076	0.965	0.041	A	F5	5116	366016.5	-60.5	570.3	54.90000000000009	865.0999999999999
02/23	NA	PHO2	0.076	0.965	0.041	A	H9	5194	355604.5	-63	502.3	95.60000000000014	785.5
02/23	NA	pho2∆	0.084	0.271	0.006	A	B9	5119	375741	-52.5	802.3	39.200000000000045	1167.6
02/23	NA	pho2∆	0.084	0.271	0.006	A	F1	5156	371948.5	-68.5	680.8	38.200000000000045	1032.2
02/23	NA	pho2∆	0.084	0.271	0.006	A	H5	4985	371230	-90.5	725.3	22.800000000000182	1113.6
03/30	239	PHO2	0.043	0.223	0.061	A	A2	5583	490210	2311.5	44667.3	2070.5	45744.200000000004
03/30	239	PHO2	0.043	0.223	0.061	A	A2	5160	517697	2384	42548.8	1930.5	41572.200000000004
03/30	239	PHO2	0.043	0.223	0.061	A	A3	5300	506907.5	2399.5	44246.3	1992.6	43443.9
03/30	239	PHO2	0.043	0.223	0.061	A	A3	5194	501073	2297	40807.3	1974.4	40235.8
03/30	239	PHO2	0.043	0.223	0.061	A	A4	4985	462122	3051.5	45687.3	3873.0000000000005	57969.8
03/30	239	PHO2	0.043	0.223	0.061	A	A4	4330	439373	3793	45507.8	4854.799999999999	59937.4
03/30	NA	PHO2	0.127	0.283	0.014	A	D1	5196	366059.5	-53.5	710.3	77.70000000000005	1074.5
03/30	NA	PHO2	0.127	0.283	0.014	A	F5	5175	359357	-94.5	553.3	49.200000000000045	871.0999999999999
03/30	NA	PHO2	0.127	0.283	0.014	A	H9	5092	369414	-89.5	610.3	5.600000000000136	927.3
03/31	NA	PHO2	0.207	0.684	0.032	A	D1	5193	352166	-31.5	649.3	158.20000000000005	1044.5
03/31	NA	PHO2	0.207	0.684	0.032	A	F5	5209	342956	-84.5	550.3	114.40000000000009	907.3
03/31	NA	PHO2	0.207	0.684	0.032	A	H9	5200	330622	-154.5	425.3	27.300000000000182	728
03/31	NA	pho2∆	0.166	0.201	0.017	A	B9	4958	341167	-124.5	644.8	67.60000000000014	1065.7
03/31	NA	pho2∆	0.166	0.201	0.017	A	F1	5030	348154	-84	854.3	95.70000000000005	1376.8
03/31	NA	pho2∆	0.166	0.201	0.017	A	H5	5043	352858	-118.5	651.3	1.7000000000000455	1020.8
12/28	188	pho2∆	0.1	0.24	0.024	B	D2	7678	353869	567.5	8871.8	1125.9	14243.599999999999
12/28	188	pho2∆	0.1	0.24	0.024	B	D3	7540	366883.5	540.5	9402.3	1023.5999999999999	14723.099999999999
12/28	188	pho2∆	0.1	0.24	0.024	B	D4	7682	348353	354.5	8330.3	799.7	13254.199999999999
12/28	188	pho2∆	0.1	0.24	0.024	A	D2	7497	366966	720.5	10427.3	1247.4	15907.099999999999
12/28	188	pho2∆	0.1	0.24	0.024	A	D3	7418	356295	732.5	10868.8	1302.8000000000002	16786.2
12/28	188	pho2∆	0.1	0.24	0.024	A	D4	7720	369582	682.5	10018.8	1172.5	14837.9
12/28	194	PHO2	0.168	0.241	0.038	B	A1	7590	425229	1375.5	21842.3	1707.4	27829.899999999998
12/28	194	PHO2	0.168	0.241	0.038	B	A5	7668	414492	1188	18254.3	1552.5	24690.6
12/28	194	PHO2	0.168	0.241	0.038	B	A9	7864	400703	1148.5	15722.8	1670.4	22261.7
12/28	194	PHO2	0.168	0.241	0.038	B	C1	7984	386742.5	688.5	13429.3	1110.6	19416.899999999998
12/28	194	PHO2	0.168	0.241	0.038	B	C5	7847	414353	1076.5	16911.3	1439	22804.1
12/28	194	PHO2	0.168	0.241	0.038	B	C9	7852	429792.5	1445	20566.3	1801.7000000000003	26054.1
12/28	194	PHO2	0.168	0.241	0.038	B	E1	7915	373846	455.5	12901.3	819.6000000000001	19209.399999999998
12/28	194	PHO2	0.168	0.241	0.038	B	E5	7971	403577	865.5	15130.3	1261.7000000000003	21517.2
12/28	194	PHO2	0.168	0.241	0.038	B	E9	8033	426164	1266.5	19328.3	1640.2000000000003	25184.6
12/28	194	PHO2	0.168	0.241	0.038	B	G1	7841	400173	790.5	14194.3	1180.2000000000003	19876.3
12/28	194	PHO2	0.168	0.241	0.038	B	G5	7946	397120	715.5	13464.3	1055.7000000000003	19129.7
12/28	194	PHO2	0.168	0.241	0.038	B	G9	7937	407470	746.5	14069.3	1087.1	19546.8
12/28	194	PHO2	0.168	0.241	0.038	A	A1	7974	385926.5	1204.5	18891.8	1810.3000000000002	27309.1
12/28	194	PHO2	0.168	0.241	0.038	A	A5	7788	412202.5	1296.5	19728.8	1726.6	26507.2
12/28	194	PHO2	0.168	0.241	0.038	A	A9	7688	422525.5	1361.5	21947.8	1724.3000000000002	28741.1
12/28	194	PHO2	0.168	0.241	0.038	A	C1	8084	415509.5	1126.5	18084.3	1473.6	23917.1
12/28	194	PHO2	0.168	0.241	0.038	A	C5	8082	413937	1193.5	18510.8	1562.6	24754.7
12/28	194	PHO2	0.168	0.241	0.038	A	C9	7901	418147	1109.5	18665.3	1436.2000000000003	24645.6
12/28	194	PHO2	0.168	0.241	0.038	A	E1	7658	413465.5	1121.5	18586.8	1477.1	24979.5
12/28	194	PHO2	0.168	0.241	0.038	A	E5	7694	428114.5	1285.5	18870.3	1603.7000000000003	24106.3
12/28	194	PHO2	0.168	0.241	0.038	A	E9	6276	434383	1405.5	22574.3	1678.2000000000003	27981.2
12/28	194	PHO2	0.168	0.241	0.038	A	G1	7815	424547	1222.5	18772.3	1590.7000000000003	24747
12/28	194	PHO2	0.168	0.241	0.038	A	G5	7990	411046	833.5	12949.3	1157.7000000000003	17610.3
12/28	194	PHO2	0.168	0.241	0.038	A	G9	8124	431033	1159	18998.8	1443.1	24431.5
12/28	411	PHO2	0.104	0.218	0.025	A	C10	7824	367501	722.5	3030.8	1215.9	4472.2
12/28	411	PHO2	0.104	0.218	0.025	A	C11	7933	352472	484.5	2486.3	959.0999999999999	3791.6000000000004
12/28	411	PHO2	0.104	0.218	0.025	A	C12	7882	368602.5	734.5	2951.3	1229.3000000000002	4369.9000000000005
12/28	416	pho2∆	0.093	0.368	0.071	B	B6	7928	333545	459.5	630.3	1023	1063
12/28	416	pho2∆	0.093	0.368	0.071	B	B7	7854	376542	963.5	755.3	1397.6	1051
12/28	416	pho2∆	0.093	0.368	0.071	B	B8	7826	379701.5	975.5	727.3	1397.1	1017.8999999999999
12/28	419	pho2∆	0.151	0.22	0.012	B	H6	7533	340782	6303.5	6023.3	10435.8	9836.699999999999
12/28	419	pho2∆	0.151	0.22	0.012	B	H7	7224	338689	6299	5607.8	10667.1	9423.9
12/28	419	pho2∆	0.151	0.22	0.012	B	H8	7600	333090	4169	4458.3	7476.5	7821
12/28	420	PHO2	0.218	0.159	0.002	B	E2	8203	468618	1617.5	33253.3	1707.4	37835.700000000004
12/28	420	PHO2	0.218	0.159	0.002	B	E3	2105	467027	2028.5	45374.3	2148.3	52077.200000000004
12/28	421	PHO2	0.125	0.208	0.007	B	G2	7090	474157	1811.5	29019.3	1733	31395.2
12/28	421	PHO2	0.125	0.208	0.007	B	G3	8437	467129	1277.5	23661.3	1226.3000000000002	26136.5
12/28	421	PHO2	0.125	0.208	0.007	B	G4	8517	470365	1933.5	30067.3	1863.2000000000003	32271.3
12/28	421	pho2∆	0.386	0.409	0.012	B	H2	7538	311050	9476.5	5414.3	17809.4	10086.8
12/28	421	pho2∆	0.386	0.409	0.012	B	H3	7553	315749	5595.5	2954.3	11065.8	5690.6
12/28	421	pho2∆	0.386	0.409	0.012	B	H4	7707	308601	4394.5	2868.3	8788.4	5388.4000000000005
12/28	422	PHO2	0.241	0.134	0.084	B	A10	2153	455150	2966.5	39050.3	3854.7000000000003	49328.600000000006
12/28	422	PHO2	0.241	0.134	0.084	B	A11	2983	404074	2451.5	27672.3	3591.1	41371.600000000006
12/28	423	PHO2	1.645	0.577	0.121	B	C10	8040	382169	1887	509.3	2725.6	733.6999999999999
12/28	423	PHO2	1.645	0.577	0.121	B	C11	8241	371740	984.5	758.3	1494.3000000000002	1101.8999999999999
12/28	423	PHO2	1.645	0.577	0.121	B	C12	2129	461502	3358.5	36473.3	4051.7000000000003	43977.8
12/28	424	pho2∆	0.231	0.272	0.029	B	F10	7735	322624	2442.5	4280.3	4737.299999999999	7685
12/28	424	pho2∆	0.231	0.272	0.029	B	F11	7490	341999.5	4302	6862.8	7198.1	11090.699999999999
12/28	424	pho2∆	0.231	0.272	0.029	B	F12	7570	331560	3627.5	5651.3	6335.5	9539.3
12/28	NA	PHO2	0.177	0.266	0.02	B	D1	7760	360178.5	-117.5	398.3	-10.399999999999864	610.6999999999999
12/28	NA	PHO2	0.177	0.266	0.02	B	F5	8069	345671	-141.5	341.3	-4.199999999999818	545.3
12/28	NA	PHO2	0.177	0.266	0.02	B	H9	8037	363552	-100.5	349.3	8.400000000000091	534.5
12/28	NA	PHO2	0.177	0.266	0.02	A	D1	7804	357746.5	-58.5	350.3	86.40000000000009	540.5
12/28	NA	PHO2	0.177	0.266	0.02	A	F5	7760	357131.5	-128.5	225.3	-20.09999999999991	357.1
12/28	NA	PHO2	0.177	0.266	0.02	A	H9	7850	366975.5	-131	310.3	-45.69999999999982	474.90000000000003
12/28	NA	pho2∆	0.164	0.271	0.021	B	B9	7961	372067	-94.5	504.3	1.7000000000000455	759.9
12/28	NA	pho2∆	0.164	0.271	0.021	B	F1	7932	355593	-134.5	512.3	-28.799999999999955	792.1999999999999
12/28	NA	pho2∆	0.164	0.271	0.021	B	H5	7891	354105	-165.5	608.3	-62.19999999999982	953.3999999999999
12/28	NA	pho2∆	0.164	0.271	0.021	A	B9	7703	364939	-75.5	640.3	40.700000000000045	965.0999999999999
12/28	NA	pho2∆	0.164	0.271	0.021	A	F1	7831	363038	-120.5	426.3	-20.699999999999818	658.6999999999999
12/28	NA	pho2∆	0.164	0.271	0.021	A	H5	8032	371944	-145.5	445.3	-82.19999999999993	664.5
12/29	188	PHO2	0.153	0.265	0.015	B	G10	8527	392015	600.5	9819.3	919.5	13837.699999999999
12/29	188	PHO2	0.153	0.265	0.015	B	G11	8723	387359	437.5	8459.3	696	11859.5
12/29	188	PHO2	0.153	0.265	0.015	B	G12	8627	385962	489.5	8136.3	783.1000000000001	11595
12/29	188	PHO2	0.153	0.265	0.015	A	G10	7861	397928	800.5	10628.3	1131.7000000000003	14510.099999999999
12/29	188	PHO2	0.153	0.265	0.015	A	G11	7767	400089	874.5	12220.3	1238.7000000000003	16486.1
12/29	188	PHO2	0.153	0.265	0.015	A	G12	7690	398481	696.5	10624.3	977.5999999999999	14403.699999999999
12/29	415	PHO2	0.241	0.349	0.021	A	C10	8241	373710	1016.5	561.3	1617.4	839.5999999999999
12/29	415	PHO2	0.241	0.349	0.021	A	C11	8307	376105	1490.5	783.3	2498.9	1211.1
12/29	415	PHO2	0.241	0.349	0.021	A	C12	7985	361300	742.5	501.3	1327.9	767.1999999999999
12/29	417	PHO2	0.243	0.262	0.026	B	C2	8588	377240.5	882.5	5011.3	1414.2000000000003	7254.9000000000005
12/29	417	PHO2	0.243	0.262	0.026	B	C3	8495	378092	1024.5	5498.3	1593.2000000000003	7971.5
12/29	417	PHO2	0.243	0.262	0.026	B	C4	8570	360970.5	595.5	3353.8	1055.8000000000002	4974.4000000000005
12/29	417	pho2∆	0.305	0.259	0.042	B	D2	8393	356099	2523.5	4969.3	4151	7699.5
12/29	417	pho2∆	0.305	0.259	0.042	B	D3	5686	373167.5	3228.5	6472.8	5056.4	9828.5
12/29	417	pho2∆	0.305	0.259	0.042	B	D4	8579	343466	1907.5	3444.3	3404.7000000000003	5644.7
12/29	418	pho2∆	0.261	0.272	0.038	B	F2	8438	344296	2002.5	3469.8	3580.0000000000005	5670.2
12/29	418	pho2∆	0.261	0.272	0.038	B	F3	7942	370557	3297	5676.8	5078.1	8588.199999999999
12/29	418	pho2∆	0.261	0.272	0.038	B	F4	8560	352564	2263	4027.8	3863.0000000000005	6357.6
12/29	419	pho2∆	0.235	0.248	0.014	B	H2	6850	359586.5	7634.5	6717.8	12084.1	10323.699999999999
12/29	419	pho2∆	0.235	0.248	0.014	B	H3	8286	352863.5	6433	5347.8	10214.5	8438.599999999999
12/29	419	pho2∆	0.235	0.248	0.014	B	H4	8390	350046.5	4572	4173.8	7536.9	6772.3
12/29	421	pho2∆	0.142	0.27	0.027	B	D6	8342	364079.5	14322.5	5294.3	23289.600000000002	8256.699999999999
12/29	421	pho2∆	0.142	0.27	0.027	B	D7	8491	365230	11176.5	4245.3	18463.2	6721.8
12/29	421	pho2∆	0.142	0.27	0.027	B	D8	8627	347997	8254.5	4113.3	13950.4	6770.7
12/29	422	PHO2	0.147	0.277	0.091	B	E6	1242	324683.5	1728	26605.3	3606.4	48465.8
12/29	422	PHO2	0.147	0.277	0.091	B	E7	1927	369155	2570.5	32770.3	4044.1	50029.100000000006
12/29	423	PHO2	1.702	0.528	0.114	B	G6	8822	387864.5	1588.5	220.3	2252.5	308.40000000000003
12/29	423	PHO2	1.702	0.528	0.114	B	G7	8813	378561	1023.5	191.3	1515.5	279.5
12/29	423	PHO2	1.702	0.528	0.114	B	G8	1532	463768	2918.5	34653.8	3688.5000000000005	42317.4
12/29	423	pho2∆	0.167	0.278	0.027	B	H6	8341	376216	2454.5	6938.3	3658.9	9996.5
12/29	423	pho2∆	0.167	0.278	0.027	B	H7	8543	357156	1396.5	4946.3	2398.1	7656
12/29	423	pho2∆	0.167	0.278	0.027	B	H8	8443	370666	1872.5	6050.3	2966.7000000000003	9046.3
12/29	424	pho2∆	0.186	0.209	0.011	B	B10	8553	332297	2674.5	4647.3	4919.299999999999	7817.8
12/29	424	pho2∆	0.186	0.209	0.011	B	B11	8325	334865	4049.5	6735.3	6821.200000000001	10999.4
12/29	424	pho2∆	0.186	0.209	0.011	B	B12	8282	327556	3210	5527.8	5648.5	9444.8
12/29	NA	PHO2	0.213	0.322	0.016	B	D1	8820	351435.5	-178.5	328.3	-56.399999999999864	535.4
12/29	NA	PHO2	0.213	0.322	0.016	B	F5	8661	364769	-142.5	238.3	-56.399999999999864	366.90000000000003
12/29	NA	PHO2	0.213	0.322	0.016	B	H9	8888	354798	-158.5	248.3	-54.899999999999864	388.90000000000003
12/29	NA	PHO2	0.213	0.322	0.016	A	D1	8096	353872.5	-119.5	414.3	11	654.4
12/29	NA	PHO2	0.213	0.322	0.016	A	F5	7829	348384	-122.5	284.3	24.40000000000009	465.09999999999997
12/29	NA	PHO2	0.213	0.322	0.016	A	H9	8127	357701	-57.5	297.3	73.10000000000014	457.7
12/29	NA	pho2∆	0.124	0.315	0.046	B	B9	8538	366584.5	-133.5	530.3	-40.09999999999991	811.0999999999999
12/29	NA	pho2∆	0.124	0.315	0.046	B	F1	8475	376145	-115.5	372.3	-49.899999999999864	550.9
12/29	NA	pho2∆	0.124	0.315	0.046	B	H5	8616	368994	-167.5	429.3	-109.79999999999995	648.4
12/29	NA	pho2∆	0.124	0.315	0.046	A	B9	8132	376576	-95.5	466.8	-16.5	692.8
12/29	NA	pho2∆	0.124	0.315	0.046	A	F1	7843	332504	-185.5	490.3	-21.399999999999864	837.4
12/29	NA	pho2∆	0.124	0.315	0.046	A	H5	7869	375850	-80.5	419.3	-15.299999999999955	619.5999999999999
